"mlm_4_b0","mlm_4_b1","mlm_4_b2"
0.771064755089295,0.383123471510387,0.0950258829092721
0.773700994275324,0.386338960099263,0.0553599155983442
0.772263032341475,0.388423867041026,0.0440398309174546
0.773551772866182,0.384679762524465,0.0714104236109181
0.77218722424212,0.399240437983078,0.0748819570585491
0.769458349058087,0.391992123301422,0.0688791641960098
0.780186450513058,0.38794229360677,0.115686114647624
0.772101277198127,0.387500713757999,0.0643777132089146
0.770057587306535,0.382465575513368,0.0630222349867986
0.77160055358294,0.391142722738405,0.0458519181869627
0.770040664276602,0.3867469957878,0.0628456969128828
0.772716034514327,0.386776493956532,0.0592195949627273
0.772489676915285,0.38616273620677,0.0535113187006965
0.773514190264536,0.395917872246226,0.0533416972029688
0.773113815555347,0.388974500033481,0.0311223608611931
0.77174598843133,0.407717005478648,0.0264642640403479
0.770155699932569,0.387755913189989,0.042247930380537
0.769953748032501,0.397584062285513,0.0347329325235678
0.771133334132893,0.399984568589714,0.0881038418863078
0.782997249334072,0.385870579300628,0.0598176856103054
0.77262783472199,0.399011692177197,0.0400650199701084
0.772676141083755,0.380492573168138,0.0579759061399759
0.771018885059044,0.387906482843133,0.0670348357500627
0.772602206170105,0.397637868125591,0.0281000943911061
0.774069051165474,0.38784241121621,0.0456309030376132
0.771552522945598,0.383984959949506,0.072762993324262
0.772742540566915,0.396452199596151,0.0563083768721725
0.77062654361472,0.401380768821595,0.0659936198492112
0.770676838146846,0.387033514549824,0.0498058221966948
0.769138881850371,0.38601443129277,0.0286105558212398
0.774011095653373,0.398501502641554,0.0634602793691999
0.773930804441919,0.383817945459807,0.0760898430669162
0.772873173582922,0.395016008822878,0.074388791076159
0.773638145818674,0.382012643650356,0.0300725557068912
0.772129748316013,0.403011822716599,0.055251940270863
0.774230814468707,0.382828872838543,0.0565958951442029
0.773138446683297,0.397531077045468,0.0208563656167766
0.772755820906076,0.398539164495978,0.063230259082182
0.770388072818545,0.399107232782218,0.0563932513538411
0.775207647815994,0.3827302668787,0.0516339015154297
0.772980596780865,0.385816094668034,0.0714835969406627
0.771885461342933,0.399233726986921,0.0815282283060194
0.769754603679417,0.396514345718799,0.061192311980612
0.776869652669847,0.381346395370389,0.0421635994665027
0.772644342838771,0.391025386960851,0.0742934494612079
0.769203737572067,0.378466785300724,0.0915743828417396
0.770042731539292,0.383191652315034,0.0353892779590038
0.769817023888074,0.390926671587473,0.0512511629584825
0.776080255794412,0.395285754992495,0.0583698504843606
0.772721376354406,0.390421467606074,0.0276624071240634
0.772161266079352,0.393832070033701,0.0837441956942774
0.770054138076006,0.402528817230237,0.038998113970679
0.775725235648631,0.3895431422294,0.0203920375747157
0.771606215288014,0.392735671856222,0.0668059009463913
0.770011519274351,0.389755062418395,0.0304061114092622
0.775735694615704,0.381001463127493,0.015735789469779
0.773751089686246,0.394176310143258,0.0548084362078254
0.772338641833114,0.391324299093713,0.0399522320199013
0.769376967624531,0.395235027490954,0.0330468443041365
0.770273190038198,0.387697590551658,0.049333422603814
0.772415036915404,0.390038303394449,0.0625874161614089
0.769974264260499,0.392831440512437,0.0481563891785355
0.776007512781497,0.391069970469597,0.0385103986528436
0.773187638634626,0.382364943382012,0.0528864989433378
0.773798417166264,0.396896664092692,0.0640307827268781
0.770502732318481,0.389173298190953,0.0308976546130543
0.769555439092747,0.386003888858322,0.0171797338841795
0.777245474869146,0.391202880535897,0.0734039254977118
0.772272956122169,0.383347012158528,0.0870784522819083
0.772670649420658,0.388621720685047,0.0618556996557071
0.774015814408384,0.395071454124836,0.036476537874087
0.770475361363718,0.390310274823661,0.075068390730797
0.771523164496028,0.390613695303589,0.0417908645732008
0.770872035383796,0.399456464856227,0.0287695312826252
0.775460778167437,0.380427711059031,0.0619644253415347
0.778466079297832,0.382981046502423,0.0648533298943326
0.768111533203437,0.383607441423658,0.03716335036571
0.775496395857096,0.390700225981325,0.0795670342624297
0.771893762107838,0.398309227932818,0.0570326017301039
0.770776472358307,0.3864972681471,0.0643538129086926
0.771014783451009,0.378578511255979,0.0599763644869674
0.77151170483184,0.393920705627917,0.0760973307354519
0.77046123925468,0.388837150419013,0.0393554410442391
0.770806993609038,0.397086001133415,0.0436574749234511
0.769681602967178,0.383144548777211,0.0427010461468247
0.777456037180086,0.394780728051103,0.0642728508793918
0.768712667736293,0.388193114136719,0.0770554244286157
0.771015343564113,0.40121191932407,0.081707740896109
0.774618489379221,0.392899300916871,0.0573084243823774
0.77299895489346,0.387726804553599,0.0313072414228618
0.775213164410574,0.389044129841694,0.071432526616149
0.769902001669883,0.39327596094421,0.033347582438906
0.772784389501784,0.385064159182211,0.0725338525149864
0.772679817808622,0.409498771010142,0.0235734863210094
0.771277986893524,0.391663583997358,0.0708194306980345
0.776087473723606,0.395384989366738,0.053205983044078
0.775120168944849,0.385679587153251,0.0621634122637589
0.768257953390147,0.384280632814895,0.0706247560807092
0.775007627493152,0.39222331550117,0.100545884768072
0.768644358971594,0.391823582041841,0.0541768275063743
0.771457542677826,0.393567825192806,0.0923496328868602
0.771845104071506,0.386855598988301,0.0532819395790207
0.771727613455397,0.39360846357413,0.0848878545186215
0.774770133676986,0.407792852769971,0.0290651939812908
0.769978221526506,0.393769155521214,0.0492804552342107
0.770771691610404,0.386277405588873,0.0444390746941686
0.77444434770941,0.382547650460922,0.0959632930523569
0.771265346665696,0.385014023334169,0.0999422361181545
0.775468713496315,0.406062556981748,0.0999290706472101
0.769739480031308,0.395317453823175,0.0218791400491925
0.770530439330375,0.391156056153228,0.0732446774729531
0.774143145081471,0.390814086596956,0.0605910906087917
0.775208096847683,0.384059623115159,0.116243652355145
0.774984375836852,0.395835836538812,0.0544649033864314
0.770635313466307,0.383657447236686,0.0584468851658906
0.772535857708337,0.393377189450182,0.115206639843102
0.771824750364494,0.391543862742133,0.0711359552382802
0.768065037569144,0.38343593709015,0.056631513665972
0.773169182240458,0.386820752220758,0.05093351153576
0.767723167272158,0.39174798372094,0.0910612339437027
0.774352660537305,0.384627269575468,0.0827579641323192
0.770468354720334,0.381823858217081,0.0557203494945158
0.772859781333518,0.409001982412523,0.0358657867663803
0.771457338131428,0.395717119174841,0.0635632605341771
0.774495920967413,0.385825361954406,0.0329555743650743
0.777477805353824,0.383524788772022,0.0774853247955389
0.768117190641179,0.396644479433723,0.0606028076996053
0.772450307267673,0.388014786774605,0.0683266418638564
0.772621251861218,0.381215665257015,0.0836637510007442
0.773007543222311,0.389897229123459,0.109548573785798
0.773365421225229,0.38188475894993,0.0347963405868022
0.775050171729402,0.389457791846236,0.0738409934359148
0.776023362612547,0.383591166100853,0.0691621564347754
0.774406450505936,0.385436410532655,0.0792132443631888
0.769974678396382,0.403285238989474,0.0786368367640188
0.769966822552156,0.377173546292461,0.0661824955697675
0.771800250446219,0.391129448735973,0.0252822650859795
0.771985449006677,0.391337082126469,0.0438710380436057
0.768780244245216,0.40091695943108,0.0403127422429124
0.774215518113994,0.385835996903122,0.056554147308536
0.775652052944749,0.376913188161735,0.075796001036515
0.769937170318666,0.390094914604046,0.0635425183786658
0.768187946450046,0.381948301080796,0.07624271193351
0.77793515561606,0.385062012303248,0.0530729564179694
0.772092369221122,0.386518811314962,0.0379454153046138
0.769513531615486,0.394531009200108,0.0520636822693336
0.768877203019961,0.390593927944124,0.10828648614344
0.773365357907398,0.387231316124145,0.0523097343504678
0.773376102499098,0.400759436270099,0.0331586368835378
0.772130098504146,0.38413388271605,0.0692686642977788
0.7739359317732,0.400728447125364,0.089123125389941
0.771583024547795,0.386797025821445,0.0321499302674767
0.772165392374103,0.39647978762083,0.0583208064401266
0.775819066845624,0.389046755538754,0.0471876315398332
0.775531875731544,0.38698566376957,0.0438990980913699
0.774637309493041,0.384778458754663,0.0643579382607109
0.770179851282034,0.392733497099079,0.0665884582263667
0.770745666004015,0.380859498154669,0.0872179524817736
0.772762238268911,0.391068069489737,0.065645700411939
0.773559497146748,0.386960371973833,0.103846371521488
0.771074747414093,0.39119225277403,0.0284061247636861
0.771932586126936,0.38395910878219,0.0274482857423246
0.776212423395079,0.387301908743138,0.0615413235825849
0.769235289945501,0.399246910551176,0.0711095234428462
0.773782335736905,0.38144425218151,0.0561607552227087
0.775784986049037,0.389828253791082,0.0223568085110563
0.773426152424449,0.394326765793422,0.045190266890065
0.772917148496421,0.393062917309253,0.0366628163289235
0.773042406527579,0.384482183400855,0.0263475578853911
0.770708461101908,0.390508074237,0.0948582175620646
0.774857850239274,0.391944355001498,0.0835391445677035
0.771071928039735,0.381739503782667,0.10020327161695
0.773384756863989,0.387777392067579,0.0571273131261892
0.773251510559594,0.393852577298319,0.0756985523684388
0.771294182881993,0.387483768121781,0.0639431049984036
0.769498889232295,0.394710244700132,0.0552652843274814
0.776510148591302,0.384842346686992,0.092058876210535
0.770734358923234,0.396296562412196,0.0457685567489398
0.769778212699397,0.4181169539039,0.118121293401609
0.772966992264714,0.386431525947114,0.0856640981789943
0.769252540089582,0.378285953744657,0.0784148136507582
0.772395310151477,0.390875117095423,0.0653489371162404
0.774897544022683,0.391358427919856,0.0882942334103487
0.76987820982902,0.392445577289708,0.0511522735573018
0.774012376519803,0.391505719036615,0.0347939658581355
0.777108055128533,0.399408219694213,0.0153819641188434
0.771329810543618,0.381460798260128,0.0701281514236044
0.773193974921614,0.389806240594271,0.0659099581101839
0.773826908942441,0.382144015933437,0.084729507936959
0.773899678619832,0.383107082432676,0.0422179704690398
0.771949505036666,0.393715935352732,0.0693622247112913
0.768645575644191,0.393784031276153,0.0485379788257059
0.775147764924545,0.391894249116129,0.0644545950446348
0.772243072303821,0.384510245448739,0.108741358582062
0.770912212939576,0.391865602074153,0.0794895953712171
0.769763603886504,0.391677747230237,0.062459965908717
0.769115681519178,0.388104845234421,0.0560528945761665
0.770734100790094,0.388739000452712,0.0533207686756195
0.770893354136696,0.390599607744914,0.0780832169923448
0.779531505662517,0.37753659544056,0.044585768899646
0.773150527605669,0.388197947897756,0.056652303967523
0.769353217313154,0.39046898754974,0.0636256835244117
0.773263580714521,0.391472222420728,0.0555966088122582
0.768258572848362,0.390169489135161,0.0717356655482938
0.772179490155725,0.394265096996076,0.0461041730448209
0.769497374275416,0.399766104842954,0.0741058842133888
0.776047601848885,0.38827359256134,0.034774748291381
0.771546685416161,0.385685730925936,0.0652550595815385
0.770336586533239,0.389045144028191,0.078727655189708
0.775443775442852,0.382942911691984,0.0716329350554759
0.776681081355441,0.391536522618251,0.0627614415055707
0.773712343877146,0.395083801368436,0.0491121482891947
0.775860712194105,0.387985528031174,0.0710329082072464
0.779039783467625,0.382221105336771,0.0605659128360392
0.776568409067535,0.389337232038468,0.054593200499412
0.769418991568583,0.385663317283306,0.016776410186998
0.770148780783682,0.387219071430137,0.0615888453644215
0.771445247285024,0.383693890568782,0.0662793617280533
0.771542262988559,0.39041286241418,0.0508355915019804
0.77164095282063,0.393776898854803,0.0446904150572511
0.770830933475341,0.393741609982089,0.0490789101507057
0.776470972726991,0.383875092515198,0.0508089601019543
0.778489585257885,0.391401113821147,0.0535829564584322
0.779647749096789,0.388174022206669,0.0540204914488419
0.770382236872338,0.386599168307398,0.0495321186152957
0.771637663585889,0.384011663376113,0.0412527431313165
0.770689047626632,0.390937408715249,0.0522346466295045
0.774238774417107,0.404110082194166,0.0406618724406864
0.772458770796347,0.400292045987962,0.0452316430725897
0.769782436997469,0.385611647130032,0.0811313720350576
0.780997489764996,0.391174733668997,0.0297137600159781
0.773481405627199,0.379389514911607,0.0452034807993866
0.769633534554982,0.381955001902277,0.0840086789672812
0.771191341131251,0.391135714241925,0.0834358270798966
0.772484204929586,0.382380675712531,0.0948789774668237
0.77554405660498,0.387870773230983,0.0860486472921508
0.771177252787364,0.388520215901439,0.0474469636159021
0.770807869374704,0.385781616080065,0.0563561616512724
0.778143156132611,0.39331340120984,0.0621213085202358
0.769047634391346,0.398885937214835,0.0678384274671432
0.772060491079706,0.384854517558102,0.0921587260935755
0.773243225209165,0.395101143425099,0.0428688179992524
0.772934794302061,0.388986637353178,0.0233125503435012
0.775455538906659,0.387807394697,0.0329009822592475
0.771077758730637,0.397495506961093,0.050488201164902
0.772861178843707,0.385305444277173,0.0459784529930912
0.769388901589538,0.383175778847825,0.0632754052830843
0.777853462542003,0.389289556822453,0.0841703787057146
0.771393469136325,0.393810821943101,0.063729034757864
0.771276111297409,0.393461038512974,0.0797553783170854
0.775013396366596,0.392657749716827,0.102963594350242
0.777151186028297,0.386373705101122,0.0570689363623341
0.773155730013448,0.386046385744344,0.0496061801631236
0.768904660057512,0.385937484150049,0.0738965382612615
0.775659655309871,0.385211038396415,0.0769698527390378
0.774358476935645,0.40466412505445,0.0455783579718634
0.772946993662285,0.392858296725409,0.0566452958297663
0.774967347011145,0.398089439606892,0.0535920200441181
0.774997641371197,0.392017826772612,0.0866556443227527
0.773507696512429,0.386630506410407,0.0317877858961378
0.77541900689908,0.394126902912672,0.0471214219737342
0.776769133458255,0.388789810657154,0.0399934945423881
0.773355886519679,0.381693023521455,0.0358233471542182
0.771215395067868,0.388976075153348,0.0937141002703242
0.772448162626294,0.389102647540443,0.0390683607033311
0.77549712099192,0.377914571095173,0.0628748173170084
0.774281377396114,0.393777657025366,0.0727592048243163
0.779525259042282,0.385961089996995,0.0428204898750849
0.772667103605325,0.394434526621421,0.047728994946435
0.769439997941382,0.394680599722265,0.0662624583531195
0.771353223282644,0.38577839131594,0.0369849301662493
0.769974498880245,0.377529214185203,0.0561631548515775
0.771820255972576,0.379880204240704,0.0632794593599664
0.776394827263555,0.380047662595046,0.0652771868095274
0.771212788970095,0.38735502015647,0.0377890459446611
0.776769428523673,0.386922405521569,0.0856474752827465
0.769022528566292,0.385455907595029,0.0432534601595438
0.77285678355604,0.385103362690324,0.10942570540717
0.776929245258042,0.378957298904349,0.0699553867917379
0.771919325973781,0.389367662158752,0.0425170465225275
0.771103656242423,0.386975941672775,0.0357773196391347
0.778447636315164,0.388042428947362,0.128096069739679
0.770948096447228,0.392244572151989,0.0678679631225878
0.771232224255729,0.389043084195208,0.0537665379222246
0.7709980221147,0.376143009733678,0.0325315751365982
0.770894886985216,0.387302504726786,0.0370252079629113
0.775748677837889,0.396136590885005,0.0739308115814629
0.773063262371903,0.38484960395706,0.056254109317257
0.774118700358192,0.394825880890155,0.0423316646895951
0.775309859352615,0.392157100150201,0.0966246547658429
0.773599494263653,0.382136768665869,0.0498237859636223
0.772470441748163,0.380662766570822,0.0611946635515674
0.777401314851011,0.408408953281087,0.0209176234477151
0.775255952617871,0.379017180931649,0.0576958169897936
0.772701325207106,0.388828213272642,0.0825255582407026
0.770696537871398,0.391096274299749,0.0753172900473203
0.775036259165411,0.388323352096475,0.0853435872359848
0.770119976619303,0.389350786661988,0.0197762948602422
0.774087120162711,0.38913481986362,0.0758175907938718
0.772737689422354,0.392310986470476,0.0529108139528097
0.768985316897952,0.386380854946656,0.0425185507333707
0.772444286169599,0.385398204926796,0.0516710585374629
0.772206181815424,0.386422146468035,0.033085591816946
0.770042094127837,0.3792819779903,0.0597038576685171
0.769359032912591,0.394222307006862,0.0452958638222243
0.772446484690411,0.378380761497133,0.0472376008234274
0.774242707109126,0.397160252885937,0.0926302855703232
0.772087098319507,0.39804364302146,0.0113517949095524
0.774010395186202,0.384359791445171,0.0450006215453218
0.769216840767862,0.388872295241318,0.113977293723277
0.772484574962859,0.402833816485078,0.0925362446899542
0.775590284675481,0.395399046825227,0.0417076023667093
0.774689254461293,0.383702038799662,0.0776188888293366
0.76887962580633,0.387030102881401,0.0381460043700705
0.770050190757257,0.39412266755607,0.0513897189643
0.773456721465152,0.391095620960102,0.0314082389928299
0.77179193876148,0.378623515097385,0.0400211157196292
0.778203895335941,0.385547154290443,0.0331126052341382
0.772096840358114,0.391238196086278,0.122025687215118
0.777317089856241,0.403658408189831,0.0644759953952505
0.777799964719645,0.394221000983192,0.113376251403172
0.776109864545238,0.388354295714248,0.0465227433435063
0.772204003863996,0.380088691858261,0.0706193000380757
0.775778735525567,0.380391029579044,0.021384391271277
0.774454504946478,0.389882931778452,0.087845210595397
0.771259503581219,0.389204279849819,0.0435616904862691
0.769908914591172,0.392074911090166,0.0473917776413605
0.779339291475323,0.383852635119629,0.090182148715563
0.770978845078765,0.396192814795792,0.107902665323715
0.773783004915073,0.389861939362486,0.0622719444981227
0.770792570927731,0.38881702041738,0.072479006527767
0.775591610679792,0.388809115069253,0.105244719903821
0.770231309267611,0.39105399396417,0.0494738226788742
0.774446235215572,0.390093106181132,0.0590342122191673
0.773557261872613,0.386339863745199,0.0578283549494398
0.775158757811563,0.380144595421007,0.0683993724624969
0.77164149631287,0.390919509227973,0.114604243706719
0.77094615164721,0.398474538997963,0.0626000291533959
0.771606288712855,0.382403284916791,0.0942459918439512
0.773906711813858,0.379887220108973,0.0651719641977562
0.775337260318534,0.395376017792713,0.0489949058412897
0.772073441033113,0.385876143829521,0.0495471106111593
0.768647740402136,0.398996863408096,0.0330749134430574
0.774617970695161,0.38698908947896,0.0457689818970133
0.775221105020545,0.38786059860774,0.0727000106472894
0.773034382490215,0.386624049964298,0.0726911453953162
0.773086716248696,0.391207393085224,0.0253810019346399
0.771709690995652,0.379314502048413,0.0468817877032045
0.770842442140731,0.384937646241094,0.0259734467267442
0.771348937052577,0.381737427065079,0.0440648905599612
0.7711555192499,0.382640911935795,0.0677452620950012
0.774572588317498,0.376803712633583,0.0520315412525512
0.773566360885002,0.389636319690695,0.0743015315221776
0.776328084802364,0.390145838059689,0.0425488301378058
0.771252437382546,0.382103205076243,0.100691307444425
0.776881353048212,0.381455170208065,0.0841982836935282
0.772254925980391,0.389623949884424,0.0462055310774069
0.771840100171447,0.390894428646159,0.0806816154320423
0.774293070134072,0.375677947746468,0.0610744621225087
0.771331021436151,0.384493709681834,0.0288970849466376
0.770309500354289,0.387197521696146,0.0768214851240921
0.774750556000349,0.390263588383962,0.0188123138847987
0.774433390325306,0.38603280614456,0.0725245674604692
0.768366106097428,0.41277682412097,0.0331681107541893
0.77321084567006,0.398237315634603,0.0411542179589714
0.773054754436737,0.388121928674924,0.0267514038702868
0.772539585000133,0.401894429876223,0.091901984381407
0.776555257565478,0.38941747898023,0.0743653062323361
0.772681419099026,0.378363356751105,0.0423229624644158
0.776467656461672,0.395841998811605,0.0503186087478512
0.773889005064843,0.392220483637449,0.0489255517110402
0.775459898114611,0.387933071451483,0.0555343275576032
0.772544954679618,0.380490285542847,0.0413667675705865
0.77130097592555,0.379161779150534,0.0325910941343333
0.771066895163502,0.391428876855307,0.0481287995780351
0.771410529747621,0.379407095251046,0.0194865452824121
0.773061971535433,0.394061835888882,0.076406544925833
0.776424690796522,0.391006528462411,0.0640387556584306
0.767021728390684,0.380749089690925,0.0285047038743896
0.774004898881685,0.385598457838129,0.0487261860176297
0.767414798225674,0.377049467946953,0.0403611109695934
0.771613117175555,0.395884335993279,0.0798626101388311
0.769348336665125,0.389815738800705,0.0195952055940378
0.772712500331439,0.39590846996594,0.0660790704185241
0.771521308725418,0.38572447016432,0.113897948085632
0.772122557891528,0.376966935951708,0.0869135353410382
0.774309668895203,0.389455422300804,0.0726925746144169
0.773658328747858,0.386908698950054,0.0637986632928587
0.775294863676583,0.393839206026076,0.0418253776089918
0.771334766550648,0.382896806389142,0.0248356842980064
0.775746822866073,0.390179101370974,0.0288859816381189
0.771810539483426,0.402818572279136,0.0549041002561254
0.769330936496815,0.385900358480753,0.0325369516982817
0.774071175803573,0.402332409454872,0.108144890837861
0.771491147181693,0.389013822789489,0.0254440817802088
0.770333976787662,0.386695190506351,0.0571561664497961
0.775280955781658,0.404430766646222,0.0479188709260474
0.777214749831274,0.389766601861287,0.0455233895110754
0.771285601037223,0.384447325205556,0.110063121418266
0.770477239113211,0.386793863747997,0.0531200591043499
0.77158051655703,0.387488706884731,0.058844725380245
0.771815925132526,0.39534832562686,0.0423145628983277
0.777853417389223,0.38317149864795,0.0763815238644617
0.771368863861496,0.386305113956313,0.0464934772219006
0.770359247269295,0.391197541352524,0.0505987511943948
0.773437524727994,0.393530154179167,0.1286642940319
0.771588375032995,0.386884094383723,0.0814722503562754
0.774644783508448,0.386220341957781,0.024895839284723
0.775626566302564,0.400729338716337,0.0765746414605797
0.774659780930019,0.391834231048718,0.0286662539221759
0.7685035341516,0.392836348681117,0.0519852998200444
0.773317779230216,0.383718657918435,0.0693985773848436
0.776012722229727,0.383625503895545,0.063332197530836
0.773453697646553,0.387813481728037,0.0165683521058604
0.771513709719293,0.380713289998173,0.0973807118493998
0.76869146145302,0.384083054448575,0.0499345206723594
0.771598934396059,0.384006295656106,0.0351000807861684
0.769680833367182,0.389468340262168,0.0862762387135828
0.770858359117299,0.386961610139803,0.0852518353445181
0.772769425740089,0.392772561491904,0.0549263133323679
0.776790597774573,0.390505144143254,0.0436199599789861
0.772454935857199,0.40089888168125,0.083695462701216
0.768531028430424,0.384065357435716,0.0629433903018346
0.773278680999459,0.384631862185965,0.113840846695128
0.77654499109275,0.387260919992457,0.0196991061494211
0.776244006042905,0.380918378469683,0.0505012547928608
0.772910283338507,0.382128701297949,0.0483496987815595
0.77321213718557,0.402008330297809,0.103235745140587
0.770273744898345,0.38961339184393,0.0387095536655199
0.776283377748641,0.375469585224886,0.0345124338671344
0.768101964116709,0.397815486998314,0.0426481034809374
0.77354271271489,0.384276379119589,0.0548322909700983
0.770789217198607,0.389293176373013,0.0675487683225455
0.769253504912853,0.393467655651746,0.102111336827817
0.772236978210888,0.378672154562213,0.103196294346014
0.773391666631881,0.383147866762283,0.0571789021568261
0.77172189177283,0.382433662066654,0.0682471158668392
0.770732799082332,0.392357914310719,0.0704107269805401
0.772822995106584,0.384349265827033,0.02965823937632
0.771735799203746,0.392748908139778,0.0411135771049937
0.774247979963225,0.384728903961814,0.0621702287491772
0.775184736651974,0.391755601919644,0.068740749624634
0.774945888361949,0.392518803678181,0.0461245415098842
0.770524399321497,0.389536141919224,0.0285479190743387
0.771951383586395,0.395332416894559,0.0880836903853264
0.77611402392047,0.389885288956563,0.0414146754093899
0.772738618155566,0.403010992519702,0.0264411361845767
0.769280753364982,0.3921622161618,0.0668180279677542
0.771518393147176,0.395132005131593,0.0643394422858704
0.77290400623589,0.384800996316724,0.0625090333243589
0.769193114186564,0.386262053437689,0.0704013920442488
0.771401819596944,0.386672613448607,0.0378004902354662
0.772243433817199,0.381199644793615,0.0538878030317916
0.775858405444482,0.388995269602168,0.0743061885313317
0.772632823395773,0.378620529421589,0.0464849873226028
0.776260440806947,0.390209658105378,0.0209182695389102
0.772894680067238,0.386785828153944,0.0494295755840332
0.774028705318531,0.398209134511036,0.0431833298745294
0.771812378294382,0.37970658383506,0.0687553315690157
0.774744960881062,0.389149466335186,0.038578014682768
0.77135154897699,0.379900416248354,0.0121361407134945
0.775632810317437,0.396554713651207,0.0448675671057729
0.770084143073835,0.382907938351824,0.0407032630314768
0.769086399436686,0.381870372228063,0.0563926606043042
0.775025488457985,0.393745714737497,0.0383499940069144
0.772506331296935,0.400463540082434,0.0681837170401065
0.771818518644539,0.398259064330828,0.0399222167566972
0.772128828737691,0.395265616702326,0.0856856340193141
0.770180715369291,0.384221788818968,0.079488762074244
0.775561948546351,0.383148359546314,0.069510462867625
0.771853214761687,0.396584051141401,0.0781126295635553
0.772077681229543,0.400548084832416,0.0829814017409085
0.773251174154616,0.400896527020683,0.0578651504300095
0.76930939803897,0.395018060093513,0.0451822264106547
0.774105136189935,0.405266906238248,0.0558771485894712
0.77309703349917,0.387907527447163,0.0825455338192768
0.772557183555529,0.390366383144383,0.0260903348022413
0.774386854449889,0.397420771532203,0.0883697095641956
0.76746802638721,0.378802676746086,0.0598218594613871
0.774647613803518,0.393977130047522,0.0744559445502522
0.770225287095317,0.383904242466447,0.0490652445640106
0.774623170658485,0.392317352788532,0.100191498075691
0.7695409093419,0.385554618987725,0.0496221967078486
0.768794611212794,0.382447478527332,0.0401243068508621
0.775152722404647,0.379197648880413,0.0562220426650807
0.775354751803924,0.390922990715683,0.0551165853264628
0.772481889976563,0.380730500748429,0.0551933361797437
0.770691710940928,0.394582980642123,0.0645783287080429
0.771227818400701,0.38696857909971,0.0873621571659018
0.77140640431018,0.393357700313775,0.0805526294735261
0.771700853581574,0.39393354936381,0.0509573982979773
0.771361634911238,0.389867420260784,0.138416776804495
0.776128286724237,0.390799004265568,0.0386993343681922
0.770951088085944,0.38821996457183,0.0410322084701161
0.772431273965569,0.387954505615469,0.045584941420249
0.773638804138354,0.391150046485188,0.0679305882190477
0.77506458564935,0.384378940214457,0.0315486895222876
0.771974136994017,0.379034119644239,0.0859385409725985
0.770778914708665,0.394816308462012,0.0908393622838375
0.775006919015734,0.386083573298017,0.0428069347253084
0.770438898683038,0.393861722819781,0.0694984560545299
0.771791411214923,0.383710095692432,0.0517960471184665
0.771621598673956,0.378051242554468,0.053488245805109
0.773478560723191,0.391266815505446,0.0880619216252366
0.773775875135112,0.38507286812313,0.0243153267050741
0.775616309835231,0.404154104092536,0.101496389103455
0.773508339696351,0.383521551386481,0.0762661054824669
0.771109764015615,0.379932888917065,0.0355788263652716
0.773001070095195,0.399941048264304,0.0494918377089083
0.775422807147456,0.391984013795273,0.106389081444702
0.771574591860044,0.392580347561108,0.0661524643998839
0.773919577923485,0.397227998739967,0.00260998245758451
0.774347306070754,0.389869087308832,0.0571627721117614
0.774836679284103,0.392959523704542,0.0938909786097213
0.773315905586893,0.384683934770627,0.0214885483516155
0.769176894580927,0.395041560896175,0.0584233186549257
0.771114787803893,0.394594645249009,0.0837470947533876
0.771066148114831,0.387351546389695,0.0446541324204699
0.7699548848436,0.397301797554989,0.0272363803555628
0.7706182169472,0.384628874019601,0.0231635219361612
0.770646398905327,0.395897321116586,0.0486681788331726
0.772810251800297,0.380486215622908,0.0416193517411488
0.769748835991689,0.380386373794726,0.0619159034693723
0.771461947064018,0.394481463215,0.0776370487606637
0.771248055454862,0.386136762387151,0.0769054757262592
0.773197926694673,0.39340959966258,0.0242453649139403
0.771667195759005,0.388406768380257,0.0369161732609532
0.770363716127394,0.40436720163811,0.0341645305688084
0.77113052652164,0.394300442211408,0.0381016638443879
0.771217019500197,0.379944173377624,0.0636293382131329
0.769826617270036,0.380502239352508,0.057537581403701
0.77452702316391,0.392777706120439,0.0571336339060693
0.772281048078539,0.393162609340315,0.0492839652212014
0.777751507243972,0.384663468318818,0.0389369401075329
0.77317858801679,0.382935420743832,0.0475351534558635
0.774378792349685,0.394643062994664,0.0684546585768416
0.774788061440324,0.382510791477083,0.0782312221518607
0.772318242459138,0.384130062551813,0.0296828712671388
0.770613948861315,0.379930119839479,0.0264730455166436
0.77081741099062,0.391830161714227,0.0763395809875097
0.775424803414494,0.378178728937218,0.0581387268472226
0.776166463188037,0.380362438921724,0.0443130435689351
0.775746832772059,0.382098234042981,0.0708165877029925
0.775911741829043,0.386529326214307,0.0838425783595447
0.771403536290486,0.398304489328697,0.0982699093153709
0.770795255312441,0.386331649312175,0.0855408201677734
0.771103414725211,0.397085744693853,0.0529319533109137
0.775545351898619,0.39161295848759,0.104629048943937
0.774599452932625,0.387521858637795,0.0524320582876669
0.772982282708297,0.389984826935437,0.109003397525912
0.770892125934728,0.382146540287388,0.061110987893956
0.771814477908945,0.39660983456003,0.0527849720800146
0.776450493082155,0.380416775798232,0.0637936464648536
0.769971593279152,0.381455565703019,0.0710001803110642
0.775795203251953,0.384924469083763,0.0816781309663391
0.772350105615893,0.393956828177856,0.0467982865915006
0.774136423121039,0.386226204737721,0.106994320541891
0.769255604846131,0.387465551760819,0.0678494181857743
0.773400723186938,0.379371020009436,0.0526086406992155
0.770057341984222,0.395387176702608,0.0911550160313468
0.770961423421829,0.393409997015912,0.0571226665679531
0.770913429397402,0.378598329347946,0.0358103974879522
0.777168297351656,0.382711134512708,0.0364269072489653
0.773240918074416,0.38500228955457,0.0662096847748607
0.772788238425144,0.389653406786688,0.0511262783399446
0.773634837087402,0.399210459572747,0.0617858058484685
0.78080630481368,0.38932793656684,0.0479750142774501
0.773645057467023,0.404078861312865,0.033876442250359
0.772865851252256,0.388519802009046,0.0737980288236039
0.77027814683015,0.392166859317975,0.0445458664564972
0.773598340158509,0.391534314010668,0.0679864434305037
0.775180433475415,0.394928679727256,0.101257284269487
0.7714743589457,0.377865318993978,0.0494227891408743
0.771280293489568,0.381661328819489,0.0527987432306245
0.773829002837443,0.389612047218152,0.0451013593624077
0.776540294857851,0.396673919423964,0.0770182544154325
0.771959996816269,0.385168423700178,0.0637328673180713
0.775031296627514,0.387523678855473,0.0367385436436959
0.771297378197585,0.389761469961115,0.0806264272970361
0.77688831326853,0.380742877355827,0.0560633638323398
0.770068144701231,0.395075215140219,0.0609685476780271
0.769099608475095,0.390440083006053,0.0518645025981452
0.772767857451355,0.400584242000933,0.062703929888613
0.773301126130969,0.379516726243259,0.065570492178958
0.771267102569465,0.383785081932932,0.0381893436534386
0.769768350218954,0.387209041846532,0.0814000089136742
0.772702814669909,0.381162221359011,0.0588463371927512
0.773556259301509,0.393277655591157,0.0702895402758107
0.769765230933256,0.390152511880514,0.0651093319053946
0.771162282488794,0.390948176226702,0.0335379774328685
0.772154022834324,0.391268241918796,0.0266369687346025
0.770338466612093,0.386458310145437,0.063359577809445
0.772754594266632,0.386774965917747,0.0609980437710891
0.770611894790175,0.401815239323655,0.0329751677369085
0.776443440494652,0.389135348131237,0.0427200055553435
0.770581311868598,0.400836558369209,0.016733898042211
0.771224562633053,0.397581695607984,0.0379920497852429
0.772632157843625,0.385335932296389,0.0507239956937716
0.773452305353759,0.386928905519793,0.165373905143389
0.768409693780788,0.381591788178648,0.0746750300406046
0.770784400600645,0.396533988239738,0.02746535632516
0.770250824971982,0.395678919383602,0.068801321885654
0.772443541271726,0.397851841340755,0.0945375515115619
0.774355938867679,0.402097551802859,0.0131401717457262
0.771176149092201,0.387381513002733,0.0630100826994952
0.773216330824649,0.388302548801183,0.0449169642469339
0.772984921991732,0.378783646091251,0.0593066738921828
0.772661836383066,0.396577392389847,0.0485372999209544
0.774996228210635,0.386348233631408,0.0514856937557804
0.772877058973682,0.378699134989001,0.0907558834311773
0.772146703586546,0.381780390751396,0.0625814345184188
0.77835522750058,0.37881959103688,0.0604197653076574
0.769371565055206,0.391119354040022,0.0590612623546422
0.77325691764633,0.387185483467374,0.0464561810400057
0.77119580049081,0.390870241668962,0.0337273841661271
0.778062092660547,0.382680970579587,0.0727715600441365
0.774894226626734,0.389728756429852,0.0219694133585112
0.774731954304373,0.402242852601871,0.0934582414639688
0.770278515177801,0.389391591994553,0.0563060470831135
0.771606801813015,0.382466486705335,0.0632632076963454
0.772456190614227,0.382486266931249,0.0512392584243477
0.770887594311017,0.383559163093599,0.0769852781951244
0.772784909681662,0.395771227737222,0.0898079550809714
0.775049048180824,0.388178818038452,0.0424066007544561
0.771063149231252,0.391241888792997,0.0295829743814725
0.772036875825951,0.385786413844167,0.0367799796456675
0.771828104850606,0.397375309183884,0.0667953393438438
0.774882843700102,0.390244935219565,0.0692922989214333
0.770836074585975,0.397698884895396,0.0524086122775078
0.769570100445799,0.396403175133253,0.0789338081538337
0.772058034325446,0.399663357905872,0.0343300378201816
0.773310240611851,0.384978142289421,0.0377926694997169
0.772987713840709,0.399159741610155,0.0908759024716454
0.772231312766768,0.400468076789483,0.0603497357706837
0.773346713427839,0.390694650590931,0.0542182913347839
0.776451809667013,0.384309325795783,0.0758157566903234
0.770170406513041,0.411432479057793,0.0561918176901235
0.774698964991043,0.383377877881839,0.0541337810975104
0.774088517822373,0.397288275339604,0.0963707162076711
0.772740927551695,0.405903171108825,0.0538428214589566
0.776768319808758,0.382830674284541,0.0344193143891098
0.774050243380612,0.388372600110414,0.0766836516834115
0.774196509330432,0.403477226581336,0.0675350662030373
0.776519646575943,0.392780679783104,0.0510704634665897
0.778676472395954,0.400172482861344,0.0888510379486466
0.77752589164183,0.395203850879591,0.0796565803247047
0.771460735905385,0.390992625246873,0.0583175621817176
0.767993303029279,0.383483261803172,0.0687100881612015
0.771005291931033,0.38785211546639,0.077122861025896
0.770925343774864,0.387601105895946,0.0648966159369757
0.774016537249174,0.383310855943475,0.0227728032175159
0.773664660807818,0.388421577451695,0.0328788226928958
0.771932448761871,0.382275310083531,0.0438887317473556
0.768880481462535,0.382630191675257,0.0316848612711986
0.780943038272286,0.383567844316355,0.09134921973891
0.772586602808127,0.385890732077751,0.0156886397261935
0.771396229891805,0.394712553569482,0.0904669929293252
0.771370970424912,0.393053807486025,0.0887059279276463
0.772137117657979,0.384211639267734,0.0442596132556168
0.772797173863218,0.386148047861958,0.0793171617948617
0.777493373042358,0.39342703925881,0.0444857625665206
0.770884274426995,0.407572102094634,0.0739731787314135
0.767828130383853,0.381670341096346,0.0654706101859548
0.769880530416011,0.39881143110817,0.0494924990725529
0.772700352060641,0.388916819572713,0.0419436829849018
0.776212627372802,0.411589858982534,0.0201720375405094
0.777346874596895,0.38751385783909,0.0519408281517168
0.776169864393365,0.381312437607925,0.0573398522238233
0.769779222515867,0.396642544183118,0.041754730065001
0.779883605589686,0.402675657118058,0.0479590237545074
0.771725486099794,0.385934032527314,0.104378130242837
0.775491086342664,0.396648646732139,0.0788282694367997
0.772554461733573,0.389996378097186,0.0568781675474075
0.770058172636904,0.397927391308195,0.0592343183087254
0.777249865876426,0.391618725177794,0.0480131163468101
0.774458525134086,0.397688253859898,0.0437714089185994
0.7715420116359,0.403765823176996,0.021604438888194
0.770984776545405,0.384764207018704,0.0651132084343683
0.771139174833099,0.382474960933537,0.0671714176428507
0.771073141946225,0.399135401173643,0.0411903644874931
0.771414202797328,0.388016807321385,0.0626110580231802
0.776217219236218,0.394125460101173,0.0493734532991117
0.771055756324722,0.379438689155435,0.074496206933249
0.771359498220957,0.386199304114384,0.0296960357356886
0.774395845432725,0.408892156075335,0.0319810669472991
0.770206003156604,0.391376638357883,0.024109770817007
0.772485795568225,0.396075994061377,0.0626204334456608
0.774466610522267,0.395443377852933,0.0330217994326997
0.771152664628939,0.396469646925528,0.0316509135116356
0.775191521996714,0.413236555909316,0.0660918890743809
0.771309932336748,0.39075602230314,0.0236232989341458
0.772919694290983,0.388059291482659,0.0584896292493893
0.773602948109537,0.3865621576149,0.0727950444708138
0.772161234880435,0.396252411747267,0.0436725845913257
0.770133912506235,0.39062111414474,0.0364269805999267
0.775013369295055,0.380158136636353,0.0835336348424572
0.769586808276474,0.385000747028511,0.0624983562492822
0.770235501824349,0.391612094474507,0.0689161416987555
0.769976622341648,0.388743055485498,0.0423237777291441
0.773869363648458,0.38547737158619,0.0410164766772513
0.77052109597381,0.39026676004101,0.0678172066633372
0.776894234967674,0.382617944764199,0.0585949997351022
0.77417590894297,0.384948730962916,0.0472582386384907
0.772808821972827,0.384859146728748,0.0513027978664797
0.776588470571435,0.384999589018214,0.0671649712122653
0.773930524876525,0.389046129529117,0.0393373973000515
0.772860121920928,0.393240241885908,0.0574800895049294
0.769779481384878,0.384264549090041,0.0618903152902239
0.767393886444655,0.3829365551112,0.0377658557989696
0.775129693512469,0.403084659928043,0.0885664824623512
0.770124281128763,0.387480432902337,0.0386865934321503
0.770683865820488,0.381030321577771,0.080867121910141
0.774714301087583,0.39267796512837,0.0552016994505013
0.772816768026918,0.394627853452023,0.0940549035289558
0.772376851275899,0.381828516074005,0.135631300959475
0.775378780055306,0.388254225095627,0.0795809924876926
0.776438638371867,0.382538469055166,0.0511939719678327
0.770077053136384,0.391675572791996,0.0254845317564125
0.772329898344631,0.398018132563739,0.0514207620250403
0.769377233906459,0.382623649120196,0.0846906552777526
0.770396418800682,0.393980828567981,0.0628581902143915
0.77335943585731,0.396256123676262,0.0576385404062136
0.775032971007464,0.389194372358008,0.037579755287561
0.773429119328121,0.379581933431935,0.0442901006466528
0.770901519922158,0.385790342325878,0.0898411745111624
0.774425421628289,0.405151601531337,0.0746931987863819
0.777937974002655,0.401520943380512,0.0399336735113035
0.773853701323283,0.38269928751712,0.0310734393320939
0.77183669828924,0.413606556888748,0.0920089559058667
0.772288710365354,0.38813595037644,0.0728445266042155
0.769760383624128,0.398273906611284,0.0505895913425668
0.77487006487115,0.380281829408642,0.0553305257332255
0.769513420326562,0.391796664866651,0.0645396175187283
0.773857145334451,0.38185252869037,0.0942404818150983
0.770177203984433,0.382508410797992,0.0570111219950619
0.778054291637276,0.394934859727115,0.0667950470997869
0.771964797933034,0.390024359811822,0.0279791184011475
0.771735761767471,0.382553523689767,0.0768704053241703
0.772242450333277,0.385070526872316,0.0482808994994607
0.775495778591727,0.388237616732866,0.0701550002169649
0.773669515820697,0.380297114831748,0.0553868070771104
0.772446471276161,0.382857691940151,0.0524369301369035
0.771074252938845,0.384730952189368,0.0786285414892361
0.77911242172375,0.38567252409024,0.0365853968206954
0.775747602197475,0.401032807429165,0.0569814774922597
0.779106539788187,0.382345283464462,0.0589407453173391
0.772056766277399,0.391793514702057,0.0320929223418051
0.771689589266827,0.383101541668568,0.095622861439805
0.778186597037749,0.383255303403731,0.056706264230038
0.768342173589449,0.393688987371752,0.0809129618487825
0.77001966499379,0.390161603917779,0.0752964144099161
0.775797642015929,0.386240698549952,0.0318773756250956
0.772620503097435,0.384335038287236,0.0256470084326622
0.77801364646282,0.382594606647659,0.14234463862122
0.773172992181366,0.39264468254786,0.0443146792031613
0.773899407144518,0.391368584513872,0.0223748542291873
0.772914153070152,0.394355968507364,0.03646640107935
0.773511617094652,0.385151086792548,0.0502217485309808
0.773863013086487,0.380604789897034,0.0398339877698465
0.778188558186597,0.387720806607147,0.100651053105369
0.772215559963976,0.380340767323456,0.0444803983150606
0.76936622299813,0.388317420698474,0.0496105807174564
0.769912871852537,0.392654532008546,0.0768841666968531
0.774017862412909,0.391666685125096,0.0850050001977295
0.781107142621883,0.390421267130423,0.073877127213627
0.773737907814662,0.389182957699935,0.0473712024147618
0.777258904402868,0.390858863854417,0.0527866081607975
0.772518982823545,0.385374504364568,0.0379086682645981
0.770373663964328,0.379529409101118,0.0666622320030254
0.772251091584342,0.390471325538983,0.0771097250810164
0.770266197819085,0.382892231936205,0.0270813874817332
0.768827353816268,0.382302173190104,0.0563067103017528
0.771621605534747,0.386877685974951,0.027727973412079
0.775916304852715,0.390627745025383,0.0863183908914871
0.772345035991672,0.377671643242262,0.0801317970958452
0.77071799135286,0.394016972479425,0.124669198911591
0.776251107273101,0.386386208519996,0.049443569935165
0.772701876686064,0.393109456046476,0.0234961270107899
0.772132310280791,0.394254174659425,0.0870459152874606
0.778669896993358,0.382536769055973,0.0754326852198135
0.770344081482288,0.392273094383156,0.0520500391491526
0.769198512983581,0.384110485042788,0.0413479597793882
0.773155188932589,0.390034280803286,0.0860877061262684
0.771095990550011,0.401577445148821,0.109415637240592
0.773962807381629,0.393544719862415,0.0608099838971163
0.775750606040816,0.387763721225557,0.0887472841082328
0.779890407136737,0.391525101372595,0.0656599600145887
0.773612476881835,0.395326949378813,0.053186110407516
0.768533222661239,0.394858034979623,0.0443586836527795
0.771210431792473,0.392200851352951,0.0314567269870384
0.771068024230611,0.382073654655886,0.0332855133418294
0.772687916333548,0.383070375075087,0.0276526330082815
0.77276461985182,0.384112646447437,0.0577583121026126
0.773335698860923,0.390440501495038,0.0143919691056372
0.773016738047722,0.398971667201034,0.0330230901295127
0.772099441848446,0.397711254300132,0.0533497155113886
0.77277076165616,0.397436217698643,0.0304713682378709
0.772146349256791,0.389307436169154,0.0792941325211689
0.770510613550141,0.389614582276066,0.0415941014853213
0.775585720689385,0.397985364304227,0.0586375506464733
0.771824814129468,0.385813572405293,0.0623492259143779
0.772548453431041,0.395600162674467,0.0373615833980796
0.772374175376275,0.388076177197918,0.0466521234551773
0.770264789598278,0.385022924234139,0.0615906659240439
0.771598087894224,0.382727225628185,0.0274671236501923
0.768880554305496,0.379796672052598,0.0798887323085507
0.771082430221701,0.389816491037871,0.0831821993349926
0.771177257221541,0.37915237147353,0.0851297438830739
0.771859235190205,0.401616924905783,0.0917856049900614
0.773362572420958,0.382338662469095,0.0233859801876597
0.768735308756908,0.38672287961431,0.0261637549608439
0.770692864163184,0.385639143320984,0.0161534571412607
0.774173105325632,0.393956199448602,0.0922077859407469
0.771328492607199,0.390487248703717,0.0372155609605045
0.770035729651482,0.390925528275781,0.0840330383922387
0.775553820919047,0.385244961785332,0.102287514814226
0.774455963979298,0.381297613364635,0.0468341598031598
0.772671196932644,0.387374185820126,0.0470410667654299
0.778262440080399,0.388148819629991,0.0577589601571032
0.772837841764349,0.393453174204664,0.0494864896143089
0.775469762962909,0.382253356252308,0.0489380506545196
0.770597052193219,0.387920168416961,0.0657283995544402
0.773362096260754,0.390146226577819,0.0535714305705566
0.771561714532127,0.385230971719562,0.0332558793007842
0.768777050917121,0.395986526856902,0.056839039203301
0.774257407278527,0.387032734242765,0.0637979439056492
0.771304210613243,0.382686107443824,0.0561537762574059
0.769958992816509,0.378115406317743,0.0610271492562654
0.778074131110081,0.397628696815545,0.020791126713036
0.773107680502565,0.383407722216942,0.0440578978262419
0.775476580330904,0.391793450174754,0.0843642758856301
0.774979546921611,0.387634441350645,0.0475195677755145
0.776752555187878,0.399156665987174,0.059231359844857
0.770171930080177,0.385203244206786,0.0190998972746246
0.778635674568613,0.394142761360014,0.0448215715441849
0.774350895436898,0.394935510602719,0.0846824857477023
0.771129910062292,0.411276489708385,0.0726333348600155
0.770361131519771,0.380638551226126,0.0862702628175024
0.770341440325748,0.387114375827336,0.0857595287557064
0.779179983610353,0.388276659571731,0.0787689614750158
0.771900752282677,0.386119443963557,0.0991806201605689
0.774201408026867,0.394004899069113,0.0617030646543639
0.772709369600101,0.387101215002248,0.103242345763757
0.772175988234906,0.391402787442524,0.0998170031657134
0.770125226638472,0.386346316258109,0.0470717270934086
0.772414019649547,0.385477877308186,0.0736983114112961
0.771839748464901,0.397429398846197,0.0416669022422346
0.770556695221055,0.379037821181276,0.0588681361868719
0.769909651364329,0.382429827032389,0.0777425676286645
0.776790951983789,0.395233554161414,0.0727795372908602
0.773598855194183,0.381730919617964,0.0719430139286719
0.771808417385205,0.402590523549925,0.065546446460843
0.770295309460118,0.389730923830812,0.0693406891423164
0.771258277188563,0.397801545283611,0.0988040462808695
0.771734572774206,0.390665693465041,0.0460561720519734
0.769856689435128,0.380901697425734,0.0751888201515799
0.771209585741573,0.383891151713155,0.0847950828612786
0.775528526322005,0.385366115968172,0.0439912027862986
0.772989868960451,0.384577926431781,0.0237418895666474
0.771979682827288,0.396375326981,0.0567485991811791
0.771367189784442,0.393524856382083,0.0721158596651883
0.775992500493574,0.383457588163501,0.0217104506409201
0.770990388409954,0.405917073402535,0.0748867818346263
0.77444887704216,0.382205045432371,0.0559613083125226
0.77445344350829,0.389723818054192,0.0815217917801398
0.774474553285675,0.383010599285549,0.0520777349617349
0.77231870725385,0.38816630259774,0.0829338475712538
0.775038061599139,0.384463938196459,0.0676415885835185
0.780982988768252,0.385244226439561,0.0554410469582973
0.776138687989012,0.38388296354022,0.093004827422925
0.773070857317759,0.40017696211046,0.042807881144962
0.770434547648018,0.38010038993124,0.0383595688248104
0.774151703055411,0.388107382219237,0.0133749479966728
0.768569267130707,0.398548167631467,0.0439584153954955
0.772284902424904,0.395212956526328,0.0377710384748734
0.772656597145511,0.380615641423759,0.0330883671986323
0.768958696667024,0.383739496067829,0.0613585450894058
0.771655188432111,0.380245599584783,0.0235650650772933
0.774869862461098,0.383078808918272,0.0486741181699338
0.773306106155007,0.389432777836144,0.0766099781398138
0.770525555857229,0.385275753054021,0.077401424585033
0.770876828026049,0.391297490400086,0.0988387899994302
0.770706778655409,0.391441759670491,0.0610952053637056
0.771691099326668,0.381451127511024,0.0592781995448283
0.771590414049848,0.388588357145207,0.0257982680264144
0.773418931494767,0.383580862253165,0.0879176066278274
0.771601594444119,0.379221756014381,0.0624587709778106
0.772215774165012,0.381515699012554,0.0629331228124805
0.774549574582293,0.399494072628737,0.0491953526881803
0.770772311405859,0.386347991217498,0.0851406007155318
0.770585987109807,0.396238028299174,0.0589992692904747
0.770906194780418,0.398380272429803,0.0727904409665353
0.775691056656287,0.391837057939481,0.0329287769317807
0.772250556096302,0.383710531787282,0.0378043175261438
0.774595346231963,0.383586596187564,0.0439128553842718
0.768818742785039,0.386018176821803,0.051626225939725
0.773209757622912,0.385199481225795,0.0551503257908954
0.771666755140726,0.379160588660466,0.0759366317148484
0.770469903501853,0.381975015342017,0.0433483912111451
0.778467760938602,0.393897587643707,0.0409661410447022
0.769572771921511,0.393493931446518,0.0228145172375315
0.768731441750773,0.390282733123851,0.0681044602295032
0.776172836520301,0.397363954288084,0.0382112928589464
0.77509290082102,0.376533253197324,0.0492990678420528
0.772708816128736,0.401001422719177,0.0395860520783584
0.769127494244753,0.386174788919096,0.0371299059416392
0.776853460723016,0.389334467373885,0.0627003883469285
0.77049716608701,0.388083538010148,0.0552860889092022
0.774062518494023,0.397605536977538,0.0749293980482823
0.772500527976292,0.39282418503198,0.0502555209492802
0.773105777655323,0.387502098593957,0.0726518666910634
0.773903593807191,0.379727521331127,0.0699998624935357
0.770168481867701,0.37956311321592,0.0258816307314333
0.773299211595729,0.386499291147148,0.123338711559972
0.774239365407576,0.386899408770759,0.099441089557116
0.768636670499031,0.384526501374237,0.0715888561152111
0.769790024861127,0.401880482556081,0.0352678272427161
0.768464512086713,0.393465999224699,0.119915271858367
0.774995050122219,0.390703943720983,0.100725409529182
0.769910628061455,0.386157550271376,0.0725075342511136
0.773249397975177,0.391720615468167,0.0778815756628656
0.777414950140517,0.392545393101685,0.0668726408317173
0.769617873463599,0.397426802484162,0.0429176209696993
0.769344456655186,0.378770031779982,0.054691028697279
0.772086509355151,0.394430988552964,0.0312388981577732
0.767909310617145,0.394559927778205,0.0598193529617536
0.770192496923286,0.385107955679815,0.0474873168659091
0.768882571959327,0.388058105075108,0.0542699487260277
0.771583025054858,0.382633880794845,0.0762311010124973
0.772972550738665,0.38085166380826,0.0754900091222702
0.771042566625524,0.395453921733773,0.0510389803832313
0.774799157748219,0.386721015899526,0.0257006904310788
0.772347362685162,0.38758120877186,0.0864290962586877
0.773097299338948,0.386466572871716,0.0516959446603621
0.772407326711055,0.384885505331156,0.0549642901561618
0.77097754895081,0.387232256382716,0.046538892113204
0.770936390935814,0.395616545389197,0.0597150825976217
0.769709700631735,0.388655253839197,0.103415398423501
0.771259640369757,0.381386745414746,0.0451666774354135
0.77095343265786,0.399792772540553,0.0687864016584174
0.773039130016669,0.376740359773761,0.0710685583728511
0.768597674623504,0.387865053549797,0.0600381274239491
0.771125861119042,0.38573778548981,0.072668803639248
0.77375899013503,0.38323940686627,0.0627356143075336
0.773262286217737,0.396115749423227,0.0767771207222033
0.776149588402225,0.388083529231886,0.0374172342148431
0.770432384300807,0.386811994455528,0.083832630639455
0.771603502387978,0.396292115961917,0.0556446174512387
0.773842409407712,0.387714839866112,0.0670516829271435
0.771956372554569,0.395745649446724,0.0467028799555789
0.769689053403666,0.387403858967393,0.0558685274132033
0.774832494379993,0.393578429241158,0.0754436775649257
0.773096189608594,0.391225937810517,0.0616932167741839
0.770090753025427,0.384291198442115,0.0848311126907096
0.76898645851483,0.393465315960043,0.0630291738733407
0.775478146146069,0.38887460535619,0.0407096692731156
0.778297344379349,0.381670278578134,0.05338808672564
0.775150842648329,0.390745522038864,0.0851656631269014
0.775298481269881,0.387048273457057,0.0880261435019398
0.771325001795869,0.396459585230252,0.0462742117300646
0.773149804862589,0.391128324012802,0.0366279297319879
0.772185316242552,0.380678201681961,0.0853545952353101
0.768398915667252,0.388221741387145,0.0816911862051546
0.773779827373967,0.386850102168599,0.065290268130591
0.771196232703347,0.389033487051772,0.0715259472238061
0.768132552063046,0.391527596413088,0.0712452595162756
0.775007336234578,0.396999755746663,0.0278517512950509
0.773750730578497,0.382021320683827,0.0669863755343754
0.770423167729501,0.389089294747191,0.0633236952514134
0.771445782787262,0.39448901018559,0.0731002381625296
0.771642539422448,0.384250009998734,0.0188990488642851
0.773577800408142,0.380004272161944,0.0553789567590008
0.776712165927538,0.395242322122889,0.0849481092063224
0.773978038747318,0.392252046519328,0.0566590864997039
0.773593445402284,0.388680262409145,0.0511528197273912
0.780363749922782,0.382228168497066,0.0838524049927006
0.774610493797077,0.387013219380332,0.0463691856507293
0.774964633752095,0.393575832434376,0.0499139581503789
0.775426723016223,0.384546886252917,0.0311342843258629
0.771542007476895,0.383576133985784,0.0350525035230039
0.775186217276423,0.385950215808863,0.0674789449776225
0.771008182679028,0.392422747543378,0.058858645533327
0.772870328194933,0.396944407369172,0.0457346174926198
0.7736364757445,0.420051304653626,0.0746234079477824
0.773913412845814,0.385223469181815,0.0640712365218492
0.771287212245285,0.386684604891529,0.0471480713463095
0.77174095884601,0.385578632769265,0.0594681797387502
0.769975806104176,0.39082382381864,0.0424502298115255
0.770934352002549,0.391634840117864,0.0864488924530234
0.770265495121891,0.392400273808915,0.106537514855594
0.777130443666771,0.399363933709792,0.0580728673760512
0.769481524153755,0.387658268480418,0.048259597736929
0.774700991508477,0.388710300005602,0.046337945768052
0.779379500507051,0.394313861616026,0.0762820250519365
0.784306646122818,0.381838716150432,0.0348167930412193
0.775861465332435,0.39144568087171,0.0655374048131967
0.773941470859974,0.394926552700734,0.0487108791361313
0.772453809607103,0.397102145173566,0.0873503091428944
0.777040593528495,0.390626659217169,0.041713753837338
0.773423495402888,0.38539007276229,0.0836961614269491
