,mgwr_b0_est,mgwr_b1_est,mgwr_b2_est,mgwr_moran
0,0.28887906626574783,0.18012823971098652,0.05263649676381409,-0.04200637272364726
1,0.24765994265087624,0.17537533619602388,0.01804416750533724,-0.0416755573878927
2,0.23894727192179474,0.18823828308502846,0.050792344363515284,-0.04193268909216923
3,0.24998215582835134,0.1820999013947352,0.06210289586776094,-0.05959566877300298
4,0.27401380421047816,0.18232601340782403,0.03481487010000943,-0.04176539050344284
5,0.2459929588281909,0.15723123187034643,0.05052367146541071,-0.050928032257147975
6,0.2851618833217803,0.17206335717687465,0.020133175314617807,-0.06784101576115036
7,0.2738294916726649,0.1670088778986141,0.0717662663739321,-0.04332155329887437
8,0.26333105366868004,0.1859662563107328,0.018499663729216857,-0.06721887820136507
9,0.270491552071217,0.1771915540630893,0.0640226091338305,-0.0381132173587852
10,0.2752324158411059,0.17911600476633538,0.013313935507461485,-0.04789361037974292
11,0.23147139706226444,0.1710646880559376,0.01868999660119319,-0.046615223556673135
12,0.27349750608654083,0.17321546211096817,0.012670915580957424,-0.052428616090834136
13,0.22335018269711834,0.16970711819302942,0.048069909106496896,-0.048396164738462005
14,0.26018631658791874,0.16332483609911264,0.02533904525303904,-0.04291251075781228
15,0.2811445456930748,0.18911447625265154,0.022811439267474632,-0.05031878773066076
16,0.24544248289940768,0.1793240959683198,0.025602384112441236,-0.04376630840618967
17,0.23111724524936075,0.19356932332575955,0.021239472788848635,-0.03177380485459397
18,0.2625204576309962,0.18462098964191748,0.012869135473650274,-0.021704721555167058
19,0.2327155465473494,0.17548562556856592,0.058860324445568345,-0.051108176739960647
20,0.2697575901834855,0.17494947851761009,0.00872250035481128,-0.037816931708011176
21,0.2632649796487422,0.19090771946158616,0.022782608046994845,-0.0689239391266299
22,0.22703392128099167,0.16511650338122158,0.021426584487507998,-0.05650344532811019
23,0.251093918102188,0.18105054163301748,0.030875768512811593,-0.06067418579019265
24,0.2553606421646719,0.17645679452539947,0.016251498499226222,-0.03990383399676349
25,0.27201171791822026,0.19013184163709762,0.027474916646369415,-0.05295041373207292
26,0.23549174877182782,0.19255628391121252,0.046968459995893906,-0.05880365266560311
27,0.24048299690175667,0.1932304708726936,0.046171471937396395,-0.050328236463409795
28,0.24412058449340987,0.18187543739485815,0.06964657537925388,-0.05338329276699829
29,0.2562906499695889,0.18222566127838993,0.03806904991359601,-0.045154540972860466
30,0.25795072122019613,0.18920057147117236,0.03960091439639429,-0.040800093667320715
31,0.25563838881062245,0.17436978888841673,0.10156438892312017,-0.04706727657517202
32,0.2728982948723702,0.19774811259719705,0.04707761526357404,-0.028839010931730375
33,0.2534153886902397,0.1635775891600552,0.047772303552060975,-0.039864000942079786
34,0.262000769137646,0.2020734108321846,0.022710210213887177,-0.04842532651504291
35,0.2528566616524074,0.17858831270153824,0.053913149588795665,-0.05082911014812371
36,0.24730556437923837,0.1829605127958968,0.04746578771734336,-0.05099255062687633
37,0.25919540200307223,0.21727771399292178,0.035850370400805416,-0.06699225938389915
38,0.23766441612067882,0.17413814626663188,0.038961861503807996,-0.049566279976463005
39,0.27092016329668245,0.19572927085871483,0.016518475276368575,-0.03875342171702543
40,0.2285354629630832,0.1827166710525307,0.014623239310152737,-0.052957491239333764
41,0.25247004285603164,0.1878457418716599,0.024659109449268673,-0.05648302236496802
42,0.24023578398009862,0.20215395636422182,0.007600932257405014,-0.061007550750596926
43,0.2666459645420786,0.17601053306616452,0.013909749411224904,-0.044473017537178604
44,0.26341583368516175,0.19933845633571443,0.027432300583259336,-0.04566872157151692
45,0.27071072570034493,0.1812412781278296,0.008947615441435653,-0.0561069230362745
46,0.25993010690267,0.15616353109090392,0.030469493061299268,-0.041280834911845296
47,0.24376382049631268,0.2039576276304031,0.07908052464682147,-0.04700145739687454
48,0.24821125142835648,0.1737604082415718,0.026235272180047564,-0.03548190790643782
49,0.268863174766542,0.1690025732405038,0.014420964291221403,-0.04313970353941278
50,0.26202703311207615,0.17273272269542053,0.03143289879573078,-0.06681868841940529
51,0.2431707539381925,0.16638283530521006,0.045605265191962896,-0.0685508917664323
52,0.2634412593321042,0.1843128442601939,0.029989196414478718,-0.04370617611578316
53,0.2728774205516783,0.16597871756632812,0.02608739542307721,-0.04168264621248603
54,0.25104366179576165,0.18264128296067847,0.02983657423587023,-0.055144710843592085
55,0.265248231051165,0.1815145947367461,0.03391789607838597,-0.04792247429917168
56,0.2591000055928308,0.17044867632150043,0.041626524956198487,-0.04976272490602543
57,0.2506020380619176,0.17711804621144545,0.10766423834571955,-0.05422626582225255
58,0.2596045132038598,0.1804347742080734,0.011730074389178025,-0.05985115751337298
59,0.2523583436265485,0.16878223428880965,0.08492467897838923,-0.06118274633895859
60,0.2523212051459189,0.1543656465978598,0.043791900057828834,-0.056101155259657864
61,0.25718466461557704,0.16815235213726867,0.013195254077736047,-0.052156138266790095
62,0.25162042554359293,0.1659441724210483,0.0852995996833769,-0.04955177656136896
63,0.27415363465195736,0.18412824419306076,0.011045105287447218,-0.0675519602135292
64,0.24037389580773497,0.1687777937379183,0.037745018144175975,-0.038728454587968655
65,0.22723147450040385,0.15726038550029203,0.01983947966470453,-0.04129017526482575
66,0.24902465753787872,0.16914578178848688,0.018692212275818333,-0.04262301446185469
67,0.2500341165592094,0.16914635933019218,0.004643466495069384,-0.05307763597106733
68,0.23481663558779717,0.1637894525791573,0.11347749262563003,-0.06069557626792474
69,0.26764299839473177,0.20366832471015986,0.04398121678084786,-0.055456758809942996
70,0.26335458374520665,0.16242144908075082,0.03645374610453687,-0.0653456648314216
71,0.2832872526082152,0.17797733585439698,0.011604389841200753,-0.04871253519981971
72,0.26916644499954234,0.17890523649364623,0.05909883516648658,-0.04422313492063357
73,0.27879770513654617,0.18304427022890174,0.07217139334302265,-0.047059319595520704
74,0.2835924372028135,0.21345509987875283,0.04200036036566832,-0.05755340096681242
75,0.24350733294479635,0.1687819990257847,0.015226065310052274,-0.051328136851997115
76,0.26491773875098046,0.1694152101956669,0.032605931643668526,-0.04592576142652755
77,0.24451286022012872,0.22963108063191034,0.012559457989610024,-0.04750725304515326
78,0.2516417004770189,0.18080219880306606,0.026177865818160007,-0.039313294581562255
79,0.25944881427290967,0.17657755967849784,0.020780184930380786,-0.048728807125547405
80,0.24566745815063656,0.14961336543487527,0.054754053194862505,-0.044933425187361174
81,0.2510264994158816,0.204286585430444,0.021413190785695327,-0.05243826037646683
82,0.23475265531727402,0.17809659336500291,0.011880903657643728,-0.06684266350706002
83,0.22550829088855429,0.1638494312162925,0.04115182987439154,-0.05032955786823586
84,0.2568148063372746,0.19553110965416304,0.03569866257364313,-0.054880092945845935
85,0.258452741854896,0.1698215214208225,0.012843431813306886,-0.04733250849063858
86,0.24609924603758104,0.21216596178215802,0.03720598657105725,-0.05244392644698532
87,0.2577580954978627,0.15876117065278234,0.062082824613727584,-0.042561627022518075
88,0.25510422500439855,0.15520713980727366,0.01397551377136727,-0.03129940409661469
89,0.251882391349614,0.16670182718377916,0.0069236728354076385,-0.040063945872186736
90,0.2693716577556491,0.16247282794231435,0.08310654699931945,-0.03928445745934839
91,0.26158665413537857,0.17007222086242405,0.005766738977923473,-0.04342637881053087
92,0.2651926266539834,0.1780059429462614,0.06823431630161206,-0.06709231115139759
93,0.25777786949921294,0.16448746106015166,0.03349064475440576,-0.06667198760503798
94,0.2358988659486081,0.1878404247656817,0.013286472870933716,-0.0435282053628774
95,0.2628564765039274,0.18028076557355754,0.030658217233915288,-0.053328542337197506
96,0.26603873393007965,0.1769610287287088,0.03797120676108859,-0.0485239954351386
97,0.24695266588736492,0.16352679313353286,0.011342643358340086,-0.04224643628271657
98,0.2633855482164287,0.22098821850747505,0.07343795008878848,-0.04544274735475363
99,0.22730272140045565,0.18287964216816024,0.05254040476982476,-0.04772166000274169
100,0.24429845722864044,0.17525826118079407,0.08218891627961766,-0.047262452765894976
101,0.2487420954265567,0.17015400313770482,0.02510321448285551,-0.041851023436104924
102,0.25859631175351033,0.17489233933388565,0.083678666042638,-0.056425403349976665
103,0.2602512603894995,0.19089636716255765,0.04603514818505317,-0.0680655805847814
104,0.24634005743590415,0.18510985489027237,0.011039172734422278,-0.04294403495429229
105,0.24481397033657856,0.19069753677222592,0.037645915186426765,-0.04810790376126673
106,0.26665609584744365,0.16683247513056076,0.025512898755346118,-0.05124348104593579
107,0.26968110325691547,0.16426393682558454,0.03630955339928089,-0.04296077382655593
108,0.2508239129378026,0.14935575209842766,0.016456356740340686,-0.04802650872526797
109,0.28415780170940846,0.21032877684129636,0.04938281545836384,-0.02085638296468616
110,0.24357573205841968,0.18045714760968545,0.04670667202851519,-0.060361880714487635
111,0.1977455383950135,0.19425289192007028,0.06551169039493063,-0.06515388046950088
112,0.24434703458146032,0.18334109392782183,0.06337491744055317,-0.05196196020219767
113,0.27058639655726296,0.149700641242683,0.008642862452244743,-0.03930479734980615
114,0.2570300516084521,0.17275631662220226,0.054683337129680196,-0.048913866741889994
115,0.25797501953437807,0.1851708912012111,0.02187780721997278,-0.05798512939042468
116,0.2708110975128154,0.17114590781877256,0.03141089878179689,-0.045280192823072704
117,0.2653583990544407,0.21041226753103887,0.07566673284123589,-0.05727809826935992
118,0.22761306510062043,0.20747771980143978,0.02909869552551489,-0.07084200083000297
119,0.2503420977213783,0.18638541715596535,0.009199840601059833,-0.04464409851702913
120,0.2444339744296966,0.17339884760286425,0.011077219819728415,-0.0511215422397597
121,0.28082959690805265,0.19194852126376316,0.013225052288352176,-0.04093032236817891
122,0.23838878596751462,0.19059725530560173,0.0729551431714531,-0.05729765050575116
123,0.2655573545207489,0.17757798487387086,0.05147647887502725,-0.045967834842131995
124,0.24167718963599139,0.18031056932924894,0.11123824361579544,-0.03957416268980373
125,0.2122689881093899,0.18021264194691256,0.03320884242048743,-0.05361143861325884
126,0.24936673918437846,0.1612986103890147,0.09537043730683639,-0.05756978414650314
127,0.2335343762453146,0.16169516764203465,0.03999933837051812,-0.05009581992045377
128,0.2604977521898212,0.20261885347470004,0.01363713893470359,-0.047181966354655464
129,0.24592034117979542,0.17516776179341678,0.01737593391658669,-0.03860591587771483
130,0.2583259733165414,0.18416817330378052,0.07045715252284512,-0.03924051286017395
131,0.25401933541326543,0.14059230945409962,0.04577203646303114,-0.04842290275306621
132,0.2929330852774773,0.16875114955686335,0.0420311381630698,-0.051615312031419024
133,0.23074450158805357,0.16091023319320819,0.03121722834422437,-0.03665233500618878
134,0.26262279612710027,0.1925232168891387,0.01731099232128211,-0.05912701199886999
135,0.2207205256670141,0.16684223451882993,0.07057444088046945,-0.043646471187497725
136,0.2382146850106752,0.21179596172780063,0.0218933094187018,-0.054047322399121155
137,0.25830873560830053,0.17698138694196808,0.02625497726476301,-0.06444991792987065
138,0.2643872870549259,0.15986695659074904,0.10816985332708852,-0.054296414818966
139,0.25119899656571126,0.18759754532037662,0.08801252435275168,-0.04933876010003338
140,0.2521195699692105,0.19446079130869132,0.042988934706098526,-0.038813288022827075
141,0.2794118608603581,0.17525747987610468,0.016221004124632312,-0.0463118114856772
142,0.25719417860654714,0.173931312883527,0.04299291024846782,-0.05781193309321032
143,0.21532314663574628,0.1689110821114994,0.02784052608181564,-0.06385697868705476
144,0.257887268992837,0.165341227493309,0.006974861570414573,-0.044143790491810914
145,0.24081229778838434,0.17268263831478547,0.027461885146982952,-0.040256676394319346
146,0.2741807589516093,0.17871268222176642,0.015358498728965374,-0.04342083277560723
147,0.24890136131402835,0.20124785088025735,0.06813563764459991,-0.057506391058889654
148,0.26055638874691617,0.19234952704122754,0.02216844824232822,-0.06173179101659628
149,0.23254404269488005,0.18884486471192957,0.05099056748089464,-0.04750658430746654
150,0.25086778315702996,0.18261131618185572,0.01905038356275866,-0.04273891122509301
151,0.24226249845460063,0.15472289436667935,0.029819358528579372,-0.06370739883143113
152,0.2516629726715175,0.1764530608274082,0.005422682565873116,-0.05176164115748172
153,0.26161323468927594,0.1779545539633927,0.018136963434234522,-0.04419779456578984
154,0.24285982043022059,0.18698483336232796,0.11677753392766817,-0.03787437734398995
155,0.2648750960970551,0.18511659695322577,0.089685740214222,-0.06417774372254055
156,0.24798100191619907,0.1876748369981789,0.019308537004708703,-0.06477925440640382
157,0.2610202320230881,0.1735644529270082,0.08493290613495692,-0.04972463744775838
158,0.23291054016314647,0.13936516277091435,0.007652179998542987,-0.047691304823333405
159,0.2518200500356645,0.17973383299874693,0.0808885175740616,-0.03968802891924086
160,0.23776044687698164,0.19957343873640937,0.015001930915413771,-0.0468919864891113
161,0.26399040387345585,0.1910135380491404,0.04048245299714741,-0.04890064105762554
162,0.276861362623741,0.1939405656046003,0.003901994970676803,-0.05524131481826683
163,0.24516316903118993,0.21333311369303257,0.020963599150832474,-0.054760965220178155
164,0.2569462658187114,0.1773732440757703,0.036945707868184456,-0.053145624478508714
165,0.2720604351932596,0.16777594161741208,0.01044770904722139,-0.05021471283064042
166,0.23996415340686653,0.19074647632775382,0.017950253438964253,-0.05523035085510343
167,0.25211059753328413,0.18133491200277585,0.02802768339148742,-0.07505972773733828
168,0.25757440503991946,0.18077136252493994,0.00854706748987323,-0.042967850075580606
169,0.24176911775364823,0.193856958836359,0.029518355825482602,-0.041460573696562926
170,0.24296048488622837,0.1868793828464885,0.03228413940008361,-0.0353959989858105
171,0.24416875438464022,0.1753895675217486,0.06321465184220472,-0.03804383852010042
172,0.2521083192793372,0.20251868890689598,0.014703667993919815,-0.051721753936977324
173,0.2921474224378864,0.18326489262230922,0.010341802767458738,-0.04177358435097668
174,0.2557499585848249,0.16292189709147803,0.077346958454431,-0.05770769270288282
175,0.24434859905670092,0.17383652915357972,0.030224601749192757,-0.05875290014969241
176,0.25715128289984684,0.17732222418416604,0.04317541837829417,-0.05689468815558813
177,0.25097665774256983,0.1683951199570242,0.03367032322410835,-0.04260348912398364
178,0.2584763841582273,0.19259620495268287,0.011657694908593504,-0.03618201486590588
179,0.26261385213378785,0.2012237583059526,0.021623238534403247,-0.06467984173449631
180,0.2538815828424018,0.19034859562294845,0.012143051822659177,-0.05621859831506638
181,0.2637567394869857,0.18969593627152034,0.021327639699812998,-0.05254731732467895
182,0.24907713164166817,0.16757202900565638,0.09333666728764171,-0.04141930667180034
183,0.26712881791205473,0.1871514433806361,0.08185337495151417,-0.041514312209461265
184,0.24935845805267975,0.20524903367106068,0.04537336067480989,-0.04205169574074863
185,0.23992290757356433,0.15623463592561318,0.02743756080707475,-0.05642624245013086
186,0.27662529296674515,0.19568678869647,0.039571594759300936,-0.054693932343170576
187,0.2540729739482352,0.17684460507057545,0.039561969856592584,-0.050529411297316196
188,0.24847084255921242,0.1906934246501447,0.039517702286851045,-0.06305346504352818
189,0.2534040942006421,0.19475492929171634,0.03881657391522211,-0.038920221083091455
190,0.2665859573565616,0.17288336823891845,0.04339063763892424,-0.05134306225915675
191,0.23958694060336772,0.1975048423291762,0.018135557207026427,-0.040041303862657765
192,0.2646652974556953,0.1756531395080321,0.024215392313069538,-0.047602902455411114
193,0.2399778757358501,0.2229525728766779,0.051505980615413234,-0.04603091841056547
194,0.21969595624719876,0.185895000812789,0.026878444862838278,-0.05652394972093423
195,0.2783107312449623,0.1840000146532803,0.02961360276279363,-0.04666160208162966
196,0.23554639733129415,0.17826761549500136,0.02801790326117473,-0.050763676567768645
197,0.26975473142917955,0.18492486272816588,0.02388044856237652,-0.04630013061588361
198,0.2517811070520726,0.168634373582196,0.07907458773588266,-0.03831505481701559
199,0.27937146233286286,0.17129374648957374,0.058215614369608,-0.0636761984613882
200,0.22724474067593767,0.1705490910913143,0.02588675320091909,-0.04094578575515069
201,0.25695461342574777,0.1991410006117715,0.012943934090830098,-0.06444244210581576
202,0.27418143574060944,0.18157684098743046,0.04815764089906989,-0.06595708148545729
203,0.22556887328729927,0.19860459129193134,0.05828270221483056,-0.031351897797308605
204,0.26335711148540386,0.14153251287657986,0.084707983388305,-0.0385215756917363
205,0.2712843518796048,0.16993961745238811,0.032841957232922436,-0.055950730614712195
206,0.27380406026961607,0.1773192270176184,0.03133576510601649,-0.040230839956721755
207,0.2687894186665297,0.17669066678076834,0.010533203591662842,-0.03634386318886736
208,0.21862357604021956,0.1906314196345956,0.013171861047488007,-0.05145016044773755
209,0.27473508383101714,0.15964764964935463,0.0069217721340299534,-0.05081986504815533
210,0.256937926066466,0.17095248390611878,0.016151359385522306,-0.052333796502632195
211,0.26990628445054715,0.22353718253077628,0.07274186795185757,-0.04581371656306323
212,0.26457187675027805,0.1761878739644569,0.03299377778290045,-0.05935359182565193
213,0.2416132683700964,0.15970454227133354,0.017173673089513303,-0.036348747261936286
214,0.2482097639505814,0.18874990851710055,0.05548556676711236,-0.061635562465412554
215,0.23652745710949866,0.20549549765529054,0.02357657585337296,-0.0481041211909289
216,0.25656910245475956,0.19787501039675015,0.025860279407899624,-0.030919664614478624
217,0.2591957552643913,0.19189203460953325,0.025905910703158053,-0.05091315381580145
218,0.2554551231702817,0.1636240338171905,0.044525775196005264,-0.05714215450350572
219,0.27226373577894125,0.19043854429342869,0.015010303175319092,-0.036772187155771276
220,0.23758480357152084,0.20438281484207582,0.011011133528685671,-0.048740750709750515
221,0.2578258719661568,0.19434135635685815,0.025109936421826986,-0.05130263026705004
222,0.23948398400997256,0.21165197409066136,0.004556858321783134,-0.06028059598779053
223,0.2679356381329658,0.19192789833038304,0.0073574716353517,-0.049356616098615656
224,0.25500475803601613,0.18646190518103797,0.09551685824266308,-0.054011069941587754
225,0.2676039023026044,0.18780033778354677,0.01612870054037749,-0.03315632757364346
226,0.254818619695399,0.17644141959471793,0.03011713811880806,-0.04811483836166744
227,0.23791178476421168,0.2007601392678356,0.022206371343526824,-0.0332711521347813
228,0.25010122937587304,0.20524829807185987,0.03151148768916698,-0.05088636593478104
229,0.2507997860842952,0.15691672250933994,0.051195675701656035,-0.04924660818995686
230,0.2434214253384086,0.17520898491346112,0.00654671980496601,-0.04490081520295927
231,0.2952818863322789,0.1666196070853084,0.015890198906851144,-0.04902557680323872
232,0.2376587867840868,0.17265541868843617,0.011600195621465232,-0.03524642240366784
233,0.24767565871849626,0.16502677567361795,0.07113096761845002,-0.04929247092658219
234,0.26992057723405477,0.17782796438309756,0.04284109811566797,-0.046799456955207326
235,0.25318179194099405,0.19669328568221095,0.07975750863646662,-0.022402829375893506
236,0.2433298769972109,0.1666417134579348,0.016256636943608356,-0.04940179260322648
237,0.2255771752426874,0.171424167894326,0.033914225949150396,-0.044451430975480793
238,0.2444487043662628,0.1467481324410074,0.045129621844953595,-0.04617775910077618
239,0.22520094068870847,0.18881192570609354,0.02717829340013661,-0.044732235317987104
240,0.2676637584407149,0.1919977044340923,0.06547118684366833,-0.05091480591732363
241,0.25707226086408497,0.19288436598989775,0.031808315902987265,-0.048837940787009405
242,0.3005004584756481,0.173391384803924,0.03350730491446403,-0.05433934619751398
243,0.24446433871405315,0.19263155822121955,0.046246953210470544,-0.03720083529689842
244,0.2652257936017544,0.18990911283590955,0.025433308055860995,-0.05201885678761636
245,0.24420117152585893,0.19130203773334853,0.026561714131134312,-0.04888537551978953
246,0.262183035440005,0.19075420489106618,0.04862985074616655,-0.03594763695993705
247,0.2386938992737554,0.1794155765648934,0.019977849040716773,-0.04476801022249355
248,0.26833629754471156,0.18741728673390703,0.008992487607797323,-0.04142960213524472
249,0.2554928711491313,0.1802633763125403,0.020090942975516876,-0.06249644916040219
250,0.25956223125710326,0.18461712880878084,0.008536791211983034,-0.030592657513713508
251,0.27737377226819815,0.17476295680586346,0.02522970952889301,-0.05341386513593927
252,0.268789236734323,0.18549004959464907,0.008247894812139387,-0.060462086690307074
253,0.2372271511057693,0.18399093317101245,0.00524611410710537,-0.037718190478614085
254,0.23458682977542683,0.18726958805653818,0.05070837538931134,-0.04448149196632064
255,0.22685627831448377,0.16269548736190917,0.01168360766138558,-0.045332069921683316
256,0.25406730426582946,0.17051527975428235,0.003958518826183147,-0.04508489728592892
257,0.2632890552076004,0.16757064429071505,0.013486013600633014,-0.047252451035698834
258,0.26183065825970464,0.203256219179154,0.03248126887721539,-0.04475266265367965
259,0.26630013031957955,0.19035860883890784,0.011977283363455273,-0.04935496452542682
260,0.2744897944311641,0.1722363520031826,0.02416148601881581,-0.05447898934130499
261,0.26853523854634936,0.18229274167360843,0.04583237311803288,-0.044644468107025534
262,0.25724047197223127,0.17378996291623583,0.012233937467005043,-0.03905455793106888
263,0.24037728931481292,0.19366467670778742,0.045702225967145876,-0.05351741086527634
264,0.25381609340933287,0.19801994054522312,0.0515335674982275,-0.06731759386356564
265,0.2355731850693516,0.15924932408126505,0.03193801700007989,-0.04675415649590162
266,0.2396419798933627,0.16702472719669537,0.006515031383335729,-0.047336179155118736
267,0.27696491997038225,0.1793693332387775,0.004772956276588817,-0.052421707265916724
268,0.2518568393047295,0.16186291107254408,0.023187535157284635,-0.03785209174574116
269,0.22048692571666423,0.18228225793522482,0.03557723036040086,-0.07220110291854254
270,0.26357534105062047,0.16752499158462855,0.08702481718958327,-0.04600334443977212
271,0.27478593531466194,0.1789636021985688,0.061999588186878195,-0.06492523409729352
272,0.25931768744035255,0.18333837430889688,0.023491753818897246,-0.042205782430356734
273,0.255662809176694,0.18880241194623879,0.010788578314284463,-0.0356242561855107
274,0.23768398909729785,0.18655038127319623,0.020957135400034643,-0.03882015890670903
275,0.2550678414003522,0.15944026628007846,0.04162318331057878,-0.04312734952031515
276,0.2484868164358719,0.1547735329897909,0.03962963774666314,-0.05482534483230101
277,0.23096395808545578,0.1794588700291372,0.016168588187016907,-0.05126344388762538
278,0.23469362168945604,0.1904887410871431,0.03794719551489008,-0.0642077640606698
279,0.25371642540778383,0.17745771427386525,0.013520485535744024,-0.04443359677428783
280,0.26514301218230474,0.1662198825499956,0.01783045329138031,-0.045649672349590685
281,0.2447209205307636,0.16740001516335734,0.040914601202253306,-0.04539760086204713
282,0.27156139894699166,0.15385776448639396,0.030851662467001613,-0.04115825330603613
283,0.23571947939765864,0.17526328287292214,0.013564828955834581,-0.053254989344015416
284,0.2445794871681931,0.1546115928029476,0.0495628631712815,-0.0597189062024256
285,0.2610046629087846,0.1903123388348589,0.020532150274540552,-0.060487499487484386
286,0.2655111586459264,0.1703541870134215,0.03636675583265476,-0.04669942146193185
287,0.27917846610011626,0.20452879155855477,0.03338615466435356,-0.045581339136389724
288,0.2678556408740189,0.17937757427649575,0.028030949767428252,-0.05275018506958559
289,0.27459432298101016,0.20678362580094103,0.016557708927427597,-0.04351294677798931
290,0.2626039074922836,0.17041693552213244,0.02666282280492245,-0.04693276945729012
291,0.23236042573252422,0.1777466995336381,0.0137842451700076,-0.04093564640009524
292,0.25923235381914844,0.1749330436122348,0.02317848992943196,-0.049015176437629
293,0.24684136865919942,0.18396963336505476,0.007677207812634419,-0.04655471399155163
294,0.23875304559526833,0.16255012617698186,0.01784478216510147,-0.058904445739588474
295,0.2510270404413146,0.19522222396018965,0.03055089662170566,-0.05290746145164661
296,0.2551359354567701,0.16467643455147513,0.004732669662377956,-0.05545641054783506
297,0.25526646672432296,0.17885389254518633,0.014866844852778527,-0.05060302757227155
298,0.247778821109299,0.19579830574490883,0.009093488972234205,-0.04178686512111467
299,0.27130276584670676,0.17882822038304236,0.03650728847013871,-0.048689617288038646
300,0.262293615618015,0.19922628253937213,0.03924948862979664,-0.053199586971495495
301,0.2604746982715539,0.19835598014924216,0.028073691801622273,-0.07130277199152099
302,0.26513665988923846,0.15058895594829508,0.013634174179628792,-0.05124673264619092
303,0.2056168949337116,0.17783726808594075,0.045120851412181626,-0.0577002571080763
304,0.25905270733516894,0.17809245673884466,0.014070942976877101,-0.059806339937215826
305,0.2479423517431237,0.19416061668705945,0.02455089941123452,-0.05177827587519096
306,0.23743856986286754,0.21122698756193306,0.0060690000447912815,-0.068137770947632
307,0.25616066527845777,0.16251605376839467,0.017448839058097715,-0.06343467179016216
308,0.23068378663133948,0.1837154139030148,0.02789436092718942,-0.035984605587935654
309,0.23026395559107568,0.20771205160269035,0.03129944167452214,-0.056621667666132094
310,0.2560386752286741,0.18176118353452236,0.024052364107295277,-0.04660272258765789
311,0.25454100861125556,0.16685085843807482,0.05146746505039611,-0.04917416941671508
312,0.30758471426925055,0.14406963447960286,0.02748174120437049,-0.024978946707000717
313,0.23725742624237545,0.1940453446361567,0.03987316687398974,-0.05256028513936911
314,0.24590433358736222,0.19884343564988427,0.017281426048092706,-0.07263923377130953
315,0.2588107057234556,0.1766769877771155,0.023728858299937948,-0.05334990221275603
316,0.2480374280181318,0.17453305400811356,0.052604905815114726,-0.03721699932956062
317,0.2452009246357447,0.17298759450593335,0.03483344207197753,-0.04439024112888529
318,0.2593491465169267,0.1799422922613839,0.011502054936551669,-0.025692419500876147
319,0.24333880547856396,0.1787023233280656,0.02412472930594078,-0.045939372887794844
320,0.22202344302474694,0.1998252282120876,0.014293327239084882,-0.050924141666425955
321,0.232531072289834,0.1525735592809401,0.02796062504490303,-0.04728700416808334
322,0.24348905265196272,0.19772638775819484,0.036399566205622756,-0.058063243447987765
323,0.2491802099975794,0.15544117011226247,0.03882452440841929,-0.04775800970594256
324,0.22862423778786667,0.18654036367807894,0.011353408150466497,-0.0508853512015391
325,0.23916563951513,0.1844168998166864,0.03160023923270932,-0.056432557540892166
326,0.26599377866240864,0.182739814104953,0.020806783168912914,-0.05480136723459368
327,0.2674794810537481,0.15882497619690467,0.06135235886924556,-0.05547030448850478
328,0.26801935390301906,0.15795674255257966,0.011345217727947748,-0.0536042009482526
329,0.2475737404780032,0.22132128325001404,0.04079417774359523,-0.052579358336293354
330,0.23544618804007167,0.1602461103291229,0.05411452997065515,-0.056505197245609096
331,0.25072669019546256,0.1720525837908734,0.015730364544055745,-0.04263397200990842
332,0.241237771487875,0.16085747959744037,0.01779563057463857,-0.04935140452260361
333,0.24865292760533206,0.17171104046975932,0.048558756640330984,-0.039146166268016466
334,0.27029105539519704,0.19310903911754793,0.020709192300564297,-0.04198325149810318
335,0.268971723408779,0.17338116477253052,0.03311627182407338,-0.0696735580295873
336,0.2579503052921244,0.19790302451647113,0.040225439536432886,-0.059584601957755834
337,0.24781329481825126,0.19281936175206446,0.015095686634493753,-0.03736705087174222
338,0.26843758825116043,0.14150834916487165,0.04198279949582143,-0.062113310612190206
339,0.26571139350180867,0.18676774801001123,0.012514901862887848,-0.045804063207523865
340,0.24399968079949502,0.19512934583678093,0.06543592711472783,-0.04417461684520748
341,0.2304006212889389,0.19218305304142455,0.05203107829709707,-0.03473843933398681
342,0.2518430106189666,0.1614739701854439,0.02021416215433891,-0.055547510861857656
343,0.2807598973403168,0.17173293155624839,0.01031657198590502,-0.044714558161253755
344,0.2644618430934401,0.20152202145724105,0.05380321152125266,-0.036832181775801935
345,0.2209986703596428,0.18999952000494402,0.03048737859742576,-0.043538049945955296
346,0.24756709935128499,0.1714771427293308,0.015581431706036746,-0.04783736992357313
347,0.28118794732733005,0.19207536508195927,0.018769748317865955,-0.05030864078726128
348,0.2470849552807865,0.20947188002157216,0.010982209449775258,-0.046301366597617195
349,0.25780085943849207,0.18243280698610048,0.013755906447218962,-0.053838288170957045
350,0.26222984200356003,0.16069644431661717,0.008216063260732126,-0.03837206669163911
351,0.25205767009927355,0.18145454991359333,0.05898049926360222,-0.04186654026635782
352,0.27712523345898504,0.19308086882494052,0.009994117200986663,-0.047253472004360524
353,0.25323600538105717,0.17983710089453855,0.05421714048110149,-0.058513651094054486
354,0.2310811357843689,0.15593673647417847,0.0649147629472912,-0.05219129615867556
355,0.24664535911492777,0.18772718550379963,0.11199830275769937,-0.04138492809547406
356,0.2530930164926757,0.19454652474045855,0.01491677314193609,-0.05110653489431611
357,0.2568646802316599,0.17433275689035632,0.0294768478565818,-0.024518872842486293
358,0.2470735736052085,0.18673624653525867,0.07878969376052983,-0.05968992488431916
359,0.24841814826547237,0.20878252044090745,0.008177073436661181,-0.04524525874247264
360,0.2674000905006907,0.19068134125824368,0.01821367835390959,-0.044291325081797256
361,0.23668309394484832,0.15174198612436368,0.035110401580744396,-0.049253245884806625
362,0.22564767121841017,0.1778262841999749,0.013336520319857737,-0.05410470733195603
363,0.2199988353544855,0.14912287112544995,0.03031323433318682,-0.05180931057513749
364,0.24395857515348385,0.18267237675199444,0.021838991723524354,-0.06117484042971519
365,0.2665052031706359,0.18477140596627697,0.011675513668794671,-0.04348822801821123
366,0.252943327391999,0.20723947054150804,0.055669658905677266,-0.04290112049785329
367,0.25182468134674474,0.16143697527739542,0.03502834033160753,-0.04693797179662429
368,0.2537907619450507,0.1734650937975605,0.09555467013396828,-0.03378174114887483
369,0.25314172179898836,0.20376399902860662,0.016460006003802225,-0.069654394138214
370,0.24227881269902796,0.1566322920869694,0.01800398803337264,-0.06484208104501656
371,0.26405850991885477,0.19424364187320362,0.023728510844737948,-0.06014322262074971
372,0.2659236671813324,0.16995654744548408,0.03363681058768991,-0.031562188857730655
373,0.2388567599499866,0.18729730343813641,0.06134615500319995,-0.04670799912563953
374,0.26166473640737503,0.16897764372713325,0.02965097526384761,-0.044195590998136434
375,0.24555955166300922,0.18093569060860637,0.01858524114711881,-0.037802685924064224
376,0.26498752903930023,0.18443706030969959,0.02232006795307305,-0.05056818792285041
377,0.27144782166795356,0.16519920764943175,0.15194474245977807,-0.03802635997064289
378,0.28240693001686734,0.19854637093675193,0.01778383464144673,-0.04857759099698571
379,0.22190442338803143,0.19285784125109837,0.01879698457651684,-0.04629817572999171
380,0.2646547362148116,0.16077817089887195,0.013340441279653439,-0.04826098495440114
381,0.25738758722997285,0.18095929337634287,0.04093866846303162,-0.04532520156594677
382,0.2796457928014288,0.16015363813839634,0.09729373547030074,-0.04644830267060395
383,0.22982683725072792,0.20018297119481435,0.02261196673520914,-0.0441569090238633
384,0.23177804619465706,0.1699522711444602,0.05912891507834899,-0.04960788002301885
385,0.27179405566237497,0.17456880844381645,0.10864518224008227,-0.03845638430543121
386,0.24730201491538772,0.1909646401624433,0.01420414138579012,-0.04624308818157455
387,0.2507479908695062,0.19644252705903942,0.007196138158703954,-0.03678881752767219
388,0.19991359348037435,0.16954740060833548,0.018816228585449606,-0.03883079167067144
389,0.26790880998130756,0.16824764440116893,0.10744235200557593,-0.04525045268126877
390,0.2343776440376655,0.16454612181126116,0.03490371586132524,-0.04189644867254329
391,0.2770352663561616,0.19338642368564443,0.025853461032911314,-0.034345456861086365
392,0.2736346659244283,0.20934776820978324,0.02007168333188062,-0.05031224696817454
393,0.24738380519490524,0.17032701931420008,0.08159568443212523,-0.04819085048658821
394,0.271740150972788,0.18129544154727345,0.03904005045827815,-0.029089271546602468
395,0.24866800215164242,0.17360602288334795,0.05311117045862455,-0.05900245487161589
396,0.24337475365035793,0.18737888939531117,0.05350917565133296,-0.06106093385114854
397,0.26154180250838727,0.18154050084174259,0.08620407609708404,-0.03936928481459982
398,0.2384876517300988,0.1756840949365069,0.023667438111611476,-0.045542841494048254
399,0.27575104939813766,0.18783460274138733,0.04905193550876418,-0.05929235943263915
400,0.23306164204074392,0.16823558754965862,0.09342891422902255,-0.05886010069119878
401,0.2428207931237024,0.17685520746753164,0.06468984392136864,-0.05697717783861845
402,0.25112158199011775,0.16149163524941682,0.056950002998866316,-0.040460162796729655
403,0.25986707922343283,0.17158357775849026,0.012154387770504614,-0.0427672220284957
404,0.25340310073192596,0.17013078181693325,0.004252582820813347,-0.047748091727495744
405,0.2691877359729872,0.1947359341753976,0.011303564390553666,-0.024034870074911566
406,0.2498123358278564,0.16837435092056519,0.0773997397034387,-0.04012094062910792
407,0.2583054143667567,0.18187486340688724,0.041277367950560175,-0.06037980587048605
408,0.240931267095957,0.19760971112203582,0.040737848879828176,-0.03587438517821381
409,0.2618927483880787,0.16936182153624865,0.018772206976549972,-0.05036474690342811
410,0.2632651658617973,0.1862708392627603,0.039106075282615525,-0.037547331416372204
411,0.250352821107302,0.19102906230964564,0.009707762237841765,-0.05204058080502744
412,0.24159310671300313,0.16286805457524325,0.05618447262632702,-0.03411157527401925
413,0.30417740079714234,0.19602492720108092,0.03611452178893987,-0.048414211353203875
414,0.23904579959982322,0.16034420414471587,0.02568605574162797,-0.06527794368262958
415,0.2727548525811814,0.20539003209620704,0.04504609989550366,-0.03774321669512614
416,0.2688374797415945,0.19786352538276641,0.08979724072069248,-0.043999310205559625
417,0.2766087309816812,0.18075808513447714,0.013011348226493824,-0.03282197412551141
418,0.25866506544174706,0.15110983316529011,0.060845968604724805,-0.03311928446543674
419,0.2434390333077378,0.1654936470967527,0.028261244598239737,-0.04790092473873683
420,0.24553250848402883,0.16990702776631858,0.020705646704281353,-0.04669525483773455
421,0.27801867498107596,0.17449185060911945,0.016105896213877466,-0.042579167218088965
422,0.27647343185477213,0.18411645676800698,0.027274862970628987,-0.0432793078518969
423,0.2719375901929815,0.17505741596581045,0.007496967481905888,-0.05571001904064537
424,0.28115116403460993,0.19080513459803572,0.03074470446007008,-0.05404292270774494
425,0.2456570833610211,0.17427408935575772,0.03159625907236104,-0.05742696772084518
426,0.2563088162970747,0.1993015389990959,0.008476129921240602,-0.04546297396554343
427,0.2545350212296109,0.22040692387211983,0.05038189285752945,-0.056782660205941034
428,0.24011802866610674,0.18023108418616907,0.015696918706011108,-0.042177668452019264
429,0.25314070764778884,0.16807509870041867,0.020819213136661286,-0.04318953945340453
430,0.26635201360117294,0.16642984113490614,0.013829713054358884,-0.060283035385405324
431,0.24572150605091594,0.20939935446538016,0.0641192015723292,-0.051495205782653555
432,0.24676332387925212,0.17317756009144233,0.006877587263642096,-0.05856692972342964
433,0.2616372745796243,0.1727570391057012,0.0640403200338482,-0.0525105591511822
434,0.2376967166122422,0.16892200482182085,0.04706870962826249,-0.03878545060653097
435,0.2482665580177255,0.16512614648413002,0.021124004639845616,-0.04044937293021526
436,0.25480903545583533,0.18674535364925351,0.014940831360065488,-0.06151314131408118
437,0.23164717329013815,0.17561348439755634,0.06079837501676038,-0.03633121028760128
438,0.27206829207930083,0.2038658517576236,0.02899700408419346,-0.056937311234237446
439,0.2629380795747831,0.18542745018740003,0.014920095868683692,-0.045217279078266275
440,0.2597563398833976,0.19399514917322788,0.03772410997670562,-0.05062612874713261
441,0.25482031314010983,0.1626725165143372,0.03525580529320429,-0.04268491745718093
442,0.24198929245803993,0.1832756905311985,0.027129130145293473,-0.035213691050552984
443,0.24588330920234358,0.20563227423095448,0.04015441945174302,-0.050527698310549284
444,0.26156513255965996,0.17627287639334283,0.019187892070097853,-0.02613910833198105
445,0.27068389618126315,0.20074934732787292,0.022820718346724552,-0.03462766257465541
446,0.2639000161007065,0.19161223491689305,0.02699619920910653,-0.05273608093392676
447,0.2737900735323353,0.15299539679855478,0.03976218445465079,-0.06582310718109027
448,0.25837191378596225,0.15832970818395906,0.05097121598266593,-0.06148924956524845
449,0.23884737104553744,0.1930897862196845,0.013891144487974235,-0.03214616621557508
450,0.23033179797646597,0.18045043154931042,0.05454444346338601,-0.04843635511378552
451,0.25712106347291114,0.18800871043673978,0.019389133977409708,-0.04275423323461414
452,0.2561956489159865,0.196948269790588,0.012804122051392872,-0.04795779567613071
453,0.26516781420838015,0.18153305649869705,0.05436192495148417,-0.056619527551432965
454,0.24455904045748525,0.2086467745325948,0.042778497013906805,-0.03381751027372135
455,0.27446989113965736,0.1996014873504755,0.030228180627511037,-0.04291445591282961
456,0.256626998924925,0.17212909239807808,0.03788010700804843,-0.03820535470556372
457,0.2563814769564791,0.17647957884302987,0.005805923097373432,-0.04374937266850734
458,0.23700801871076396,0.1902989716655984,0.016391971855109055,-0.04835316942442917
459,0.2588125201824582,0.17560592732962477,0.02376016439768148,-0.04753136641746974
460,0.25303957535526495,0.18928005719123342,0.018311977430136094,-0.032835254337981505
461,0.277228954274991,0.18233474369995414,0.01625064759216335,-0.03394707862804106
462,0.2562629205891049,0.1824877828645948,0.0436405644685513,-0.04238990620239534
463,0.23322946285537544,0.19268503334539086,0.06515885681291657,-0.05839348072069363
464,0.26122721373629065,0.1608570243109882,0.023223097050318574,-0.06110707564520773
465,0.24132428858078783,0.17503962108129803,0.009277530400602956,-0.05277368419210099
466,0.251541720931468,0.18311528475138739,0.018308464041248272,-0.04585844100794042
467,0.25501830472229603,0.1965753763503901,0.03664552355142323,-0.046365650572775995
468,0.2618808355197809,0.18432900680754233,0.03123556584564027,-0.0527822188296738
469,0.2681075676526642,0.19366942448269092,0.021115581999633405,-0.059173701778205134
470,0.280372856198842,0.19765312433138443,0.05773885301038779,-0.0447454467369751
471,0.26041012127812746,0.21451745446912993,0.06811817441044034,-0.04756918325830136
472,0.22839564847738403,0.17766431987093784,0.02315456778613191,-0.06059108743894378
473,0.2586394715778535,0.1895775240321237,0.01823109352282538,-0.05640745470763983
474,0.2515736668492788,0.18698363125305154,0.018943799330405988,-0.05668297553567556
475,0.2457917024704549,0.17806960386896792,0.06297030698152929,-0.040092840697379784
476,0.26266154424805516,0.184358376145818,0.03715971620634559,-0.045901647732201185
477,0.2281215536558381,0.19157093069046455,0.012024407611422356,-0.06579824395787794
478,0.26694060910209266,0.1541573753828993,0.043324661939496946,-0.04103643911394112
479,0.24543931684326903,0.1742829971537824,0.026414983036598116,-0.05241793922685273
480,0.24721666876335952,0.18003570610139627,0.058078883854945675,-0.047692033863596654
481,0.2524810747383388,0.16474593815220237,0.08217886407273396,-0.05115432626556195
482,0.27655000856137274,0.15800556828533655,0.04974501991581105,-0.04949154256969633
483,0.2131256422406863,0.1849622843543682,0.04241146967838078,-0.06119911830939857
484,0.26125253090969613,0.19931711393472776,0.007876222692865403,-0.0643062737981273
485,0.2410570439926709,0.16553680988115246,0.017296330325908396,-0.0394241347285915
486,0.2543786236076209,0.18755341735603226,0.011682627604833927,-0.04656028679079891
487,0.25716694269755047,0.1944828722788607,0.052727843602351866,-0.04913955790465497
488,0.23208849019278388,0.16766194400561307,0.005304584366237507,-0.05429381478609683
489,0.244433302349835,0.17850831332079825,0.0091116385108341,-0.034193263310016216
490,0.23292783209228646,0.16758946267506802,0.007665200134931062,-0.053329106536870646
491,0.24392399917280444,0.20290432159911884,0.02743753292280867,-0.05429292114463647
492,0.24027995745941946,0.1987175074218691,0.022587985918111175,-0.050215762912250106
493,0.2739481140029666,0.1780951206225697,0.0338999039981807,-0.04441267663732569
494,0.2749441939278325,0.17571885362614204,0.03481495972105562,-0.06603975466117862
495,0.2877642883831743,0.18995390218857314,0.03675534124163113,-0.045607958740090306
496,0.2425621352916721,0.19174794918056798,0.011212079187629544,-0.04718603028639243
497,0.26622899735270605,0.17394812004195975,0.012647521552483408,-0.055937541302856324
498,0.2229081346015189,0.17996072106022282,0.06094566876252913,-0.04913043135541421
499,0.24599048339495005,0.1597382877007526,0.023640035847491206,-0.05162161215432462
500,0.26761349078298335,0.17052296775646653,0.04729262380793089,-0.046954902916903386
501,0.24084940869138025,0.18690771432603837,0.051513953373985455,-0.045448435196232526
502,0.245646399470783,0.1874743841794356,0.03904761934064527,-0.04756130683824697
503,0.2337889930592744,0.1892303110106594,0.028181274083190194,-0.04001505990623693
504,0.24374732640944896,0.17588675455189592,0.06530076252000712,-0.04478522742035333
505,0.2566612585536234,0.20747740426695918,0.0051507343009821425,-0.041644378078982844
506,0.24953971157073682,0.16394243796701827,0.04258134921738295,-0.04783750892053286
507,0.26292449200783924,0.20344402120816074,0.03353890533362258,-0.04049970033610419
508,0.28023986530724604,0.1907791727984036,0.07725918802232504,-0.038680491351928234
509,0.29397375281290206,0.1970987821051101,0.02745618056920808,-0.06432292683128363
510,0.24743484662842605,0.18795783083347692,0.052494212048285464,-0.04300734317831717
511,0.2587631338816911,0.15625482076941685,0.006984595472644194,-0.04184869545420203
512,0.2729866798536997,0.18639112696244808,0.013033612251287146,-0.04070955496226012
513,0.23533211873235635,0.1808327778065578,0.019510233895653758,-0.04918588956832751
514,0.25707932119965965,0.19818266321528366,0.04451944522949764,-0.05288204634347211
515,0.2661356865627745,0.19158850469287914,0.03211946657311277,-0.05418033368598997
516,0.2585240963878751,0.18330913491324027,0.07268059238649865,-0.06175698176400913
517,0.2556739423954544,0.17440665102546646,0.03998816959902373,-0.05219429018399257
518,0.2439365278446442,0.17665283052039366,0.011743859534803587,-0.042611107313963455
519,0.23726870655284063,0.1998501099929906,0.029013209075910044,-0.03769436007895323
520,0.24864253121234245,0.18715499915421038,0.02214061137246015,-0.061033668465611715
521,0.2692177264292111,0.1794118959572685,0.1185929344179634,-0.05088072905353913
522,0.24332184797736242,0.1567625022344465,0.0429795778988368,-0.05383855282428994
523,0.28037073067969387,0.16755963150363926,0.02715799624965819,-0.04782734669428932
524,0.2566803467933333,0.17165728265922614,0.08939805953272677,-0.04717672959668529
525,0.24499924743025128,0.1700941096361572,0.014591067332281422,-0.048189413438923544
526,0.266233001354593,0.16698277962851182,0.032727877526210765,-0.06231367590126177
527,0.24381526719635066,0.2085550409320862,0.012751769218289249,-0.04044251400034334
528,0.2520248133345428,0.19397398575913016,0.032727339719817304,-0.03983579451598377
529,0.2648594200024771,0.16818598479681943,0.030531060849141586,-0.04472373325050698
530,0.2777942583914464,0.17835130074807876,0.10016341895394767,-0.050006884281041594
531,0.22200531974489632,0.19128772439635583,0.014181660262841818,-0.04741258695702608
532,0.2493929518642464,0.170960340600697,0.08739141381517776,-0.04569275459691346
533,0.23839262229413938,0.18132265823677854,0.03311584135622617,-0.04982675293585771
534,0.2537816760533452,0.18105116600791815,0.015299148133525984,-0.03595012684665052
535,0.2545483170873752,0.1869266138326906,0.01847250230808599,-0.044416038520033514
536,0.28201815214264686,0.16053174213307367,0.038671227915751755,-0.054751141996872414
537,0.2671625179341495,0.20390683717205596,0.011752548593903641,-0.04875556780158995
538,0.27429377365037,0.19886576743561993,0.025542012342189273,-0.04649011476650849
539,0.27055653945964436,0.18173930477152753,0.052669766038059194,-0.040655901604297134
540,0.262456103259058,0.20156376091598974,0.03208802620668258,-0.03333920921631067
541,0.23754054669050578,0.15837739460697026,0.03594747022031114,-0.04294809155700539
542,0.23714160812283683,0.190751040080838,0.009600827838885622,-0.047438355655530735
543,0.2745637258070339,0.20023318417405986,0.03493044945216951,-0.043296586036158824
544,0.24115366436277336,0.16750599510990508,0.04487298350036118,-0.05511548133558834
545,0.2581139018541685,0.19594774419006025,0.02706485919981588,-0.04771694155023287
546,0.23592185238659563,0.18974046365800923,0.0370364457785193,-0.06709935602780402
547,0.2355758420376358,0.18346205759896606,0.01882231543164717,-0.03642230510923026
548,0.24995112933214012,0.17276014128959563,0.013437126466462267,-0.05143657067083499
549,0.25043262479612527,0.16224015395610256,0.008386289625035823,-0.05817859076226566
550,0.23645385235564198,0.1848433024318274,0.040736945820968935,-0.03890686995541411
551,0.27471629817961146,0.1647671214232824,0.016322595606103652,-0.049057580752373896
552,0.23163298613227454,0.17245068686151097,0.024926021856411087,-0.051222209103313265
553,0.26805538461451833,0.16423270781324067,0.024519118681026412,-0.04708123828731027
554,0.2541682938808004,0.16199261638791287,0.09147826316566657,-0.04321385840200976
555,0.2562560818252801,0.17060344531777366,0.05102743932423802,-0.05304961944993087
556,0.24268349802036643,0.20508667119937324,0.03941439997731021,-0.06386389631058094
557,0.2324883838024141,0.20450372529103794,0.06998874825426739,-0.04477139622413996
558,0.22475844049879695,0.16714191836274528,0.07327645878837816,-0.05361175986138046
559,0.2464630916874309,0.1857060701135762,0.061076481357471825,-0.04596799213694534
560,0.2700862490178485,0.21558854235600888,0.012540150792066135,-0.03976871051049504
561,0.2675970456367022,0.18800040141444513,0.10321499641618985,-0.04158917908072308
562,0.2566814223756915,0.17000120041590344,0.038428723044183294,-0.029010891896289137
563,0.254715147075395,0.1954147386312009,0.06722379765677036,-0.06215064229194182
564,0.2580899643936073,0.17261200502225782,0.016113024278863273,-0.04323674623993105
565,0.21787353323150976,0.186355521617305,0.03559581674225439,-0.04489690145417192
566,0.24867461798971685,0.17938395022264247,0.05879199764584686,-0.042641383391715436
567,0.27041688864591384,0.17379009663952663,0.02675759671836917,-0.05106025267378389
568,0.24461533949685654,0.20295932105866848,0.031138507871075034,-0.0305454217785031
569,0.23740784373186116,0.17057017964113214,0.05533904315250164,-0.04199707271773578
570,0.2513867633188669,0.18196445273600015,0.06096662178737354,-0.05458671361447529
571,0.22246512038260974,0.18640896791865005,0.02908621549488728,-0.07402191211087038
572,0.2535222952470524,0.18882150862504457,0.03532802598319203,-0.05556928169136881
573,0.2876123665127942,0.17061694216483028,0.038326120826153685,-0.04541161803809443
574,0.2924800556445007,0.17826182724830503,0.016884176935129006,-0.049821328081381004
575,0.24199429617918022,0.16436238840964007,0.0676071391623637,-0.03626189166196651
576,0.25048445212727505,0.1557576671656974,0.050088409106544246,-0.0425434211564848
577,0.2607274606145036,0.17309585705732922,0.038345784178596215,-0.06102944610122449
578,0.23117469040015515,0.1821151515823065,0.017021978207720674,-0.058822380742533154
579,0.23257869884129945,0.17973637632124076,0.017273793380974903,-0.05067582542753778
580,0.2626525028668228,0.18518859789792166,0.022339236138700386,-0.03238450376522572
581,0.26266756081563064,0.15959893359306043,0.03384000034563946,-0.04823452649121647
582,0.24846249875228002,0.15679196552421004,0.022808386134238162,-0.04884931973372933
583,0.25690043165133647,0.1878249117021721,0.059064310823509616,-0.053482351094917606
584,0.22835959963515215,0.17832393842053385,0.013288578069217478,-0.04879949665417839
585,0.25324235325597283,0.17743166087186238,0.007245393110455521,-0.04368285846834371
586,0.27137623007306627,0.1806761406562796,0.06289600556663859,-0.060289020363307536
587,0.2587987868086416,0.16150224704089006,0.043269231654945416,-0.057451157772936245
588,0.27549377385934987,0.19488205697838928,0.08775548948027949,-0.05965944207241029
589,0.27083368725137,0.19438803288161396,0.09859301955435244,-0.048029896534059466
590,0.24197015598647892,0.1654416110134178,0.038750664322948665,-0.03912037662293793
591,0.2630634658548106,0.17797791828781526,0.0131935805767348,-0.04127526446941586
592,0.2567897589350708,0.16396845048739023,0.019199081735288778,-0.06074470324241139
593,0.2587359873380326,0.18703201596152075,0.015808504156883754,-0.04386944958953805
594,0.2473477932758762,0.19403657265562307,0.024247595967433373,-0.042644632985811184
595,0.25719587479859357,0.18775321124774327,0.050996710526791826,-0.035501684262852835
596,0.24681733599398295,0.2026717432592847,0.042234763931602796,-0.0550095990674683
597,0.2745432475320443,0.16751234652492855,0.0865764937694442,-0.04430071756747562
598,0.3010381295056816,0.1698346766744569,0.01431846504546951,-0.021135448292995292
599,0.24401031048218305,0.18803085489504678,0.026368273742127746,-0.04465858865513924
600,0.2646872104108209,0.15467459055384458,0.008140757829752127,-0.048309924322428484
601,0.24571410583761147,0.15513774943675832,0.012915450799914976,-0.05296172135117083
602,0.246099600934717,0.17845176111594377,0.01712932227333676,-0.05572940928990049
603,0.25778076725093774,0.17007942228560524,0.05996970975169423,-0.05789554954146332
604,0.2700588993115397,0.18949611873920802,0.03908602881785473,-0.057974949464162095
605,0.2685684175540832,0.17428716615720993,0.036256238684745014,-0.056808573993280875
606,0.24451768402894228,0.17994187994283312,0.03423067365220721,-0.04777931161426402
607,0.2347374624729509,0.15581211042481138,0.012965101596194914,-0.0476780570207477
608,0.23974382774907213,0.1854426968172924,0.013010162987162555,-0.061272538540327964
609,0.26257504236472407,0.15791974267296666,0.033875003567558806,-0.03785057808825412
610,0.24087011475758605,0.16231143825458388,0.019625291866193197,-0.045061586995561266
611,0.24751814639112193,0.16275681512784265,0.011384675709930705,-0.04830527600721526
612,0.2328320423714988,0.17063435096116975,0.039413406361557324,-0.037779506304818675
613,0.2935675683047018,0.19126793513307594,0.03630840695895084,-0.058442521343901016
614,0.2695902465685313,0.17894420695324553,0.01873490315799415,-0.05297710017024741
615,0.2246304438940932,0.17617019083900176,0.01550194851257173,-0.040300790387695046
616,0.2425104298174967,0.1878030162207836,0.08046053287694019,-0.049336757720396425
617,0.26745303881231025,0.1669164084888166,0.05004481444207997,-0.04448735786412528
618,0.2412964596632213,0.20531042119506113,0.01733727805276713,-0.04780655333974751
619,0.26165441108279514,0.1888328785757468,0.01674377494165634,-0.043978018522566366
620,0.25440710937379674,0.16383164687976995,0.01585969812355196,-0.05453316246610305
621,0.24520636020663866,0.19099291565839188,0.013404125544581195,-0.036337641842629304
622,0.2503903277964529,0.18950350248677986,0.040583387945265476,-0.044712361253117866
623,0.22070041225518022,0.17853727885715004,0.031868000070796675,-0.04218901259645434
624,0.21892560918993031,0.17701569659464444,0.020511453854335455,-0.05496074241896198
625,0.2680079728779793,0.19861201009142423,0.02777938501535415,-0.05864522516872549
626,0.2614099499009965,0.18256383301249968,0.03169160731218086,-0.06679657582561423
627,0.24833666616437225,0.18419098822348282,0.04778652654337067,-0.052218993605813065
628,0.2296546947567218,0.1853401697946106,0.01539632752368798,-0.049688959494939136
629,0.2742191195441294,0.1693598656956206,0.04742068869892176,-0.055701375393058646
630,0.2769165938916711,0.20724515073643024,0.0810257175617506,-0.037281909132187506
631,0.2377426640358953,0.18570234424645457,0.03009323341258286,-0.06525712601394244
632,0.273786421706851,0.17549716402204701,0.05591102341948922,-0.05492569606715051
633,0.2809145312178273,0.18542434069829566,0.041692627315886244,-0.047989430980289405
634,0.25132949832974444,0.19335638862846297,0.01455610283690129,-0.05525186493598581
635,0.2421358793116252,0.1887523749030716,0.06134568817813068,-0.04445371067671391
636,0.23820035126620362,0.1471411293205703,0.0677147324872998,-0.047677678815921415
637,0.2540863190861088,0.177933251487709,0.03471976896081721,-0.05636036176626311
638,0.24336126240702258,0.16987569894233218,0.0370194988945942,-0.05128207228443
639,0.2369603768082478,0.18606154711043504,0.019128316132256313,-0.03458716363484855
640,0.2543571452858967,0.17632670224356886,0.01990538060478331,-0.05132889055706726
641,0.2537618610131561,0.19747091485685492,0.01658040386949841,-0.038449183780693355
642,0.23865146437732285,0.16803167157683543,0.012783832118683818,-0.049740483782706256
643,0.23610492623676993,0.17944275670828147,0.07549910928021161,-0.04138424335780869
644,0.2664176045287507,0.2028003760673311,0.04653422669228313,-0.042573785669748385
645,0.26029068375591535,0.16247515109410438,0.013329650429796521,-0.042510484371209294
646,0.26462922468679784,0.1807060038529942,0.018208515250398287,-0.056564971741353054
647,0.24470688766287008,0.1764778134903063,0.017221925579947197,-0.04248243693821559
648,0.24514086800227958,0.16950970012545916,0.04367437142229502,-0.05453892930992467
649,0.25286316580416807,0.18839534369992433,0.03221806382246017,-0.054662687577437946
650,0.24380870351025055,0.1671239774028836,0.07816293975764954,-0.04581589880886596
651,0.22812249348897054,0.17148969177787518,0.040574449058137584,-0.04654266127355432
652,0.24694243529066232,0.16868334407311275,0.047694329363562674,-0.06030766066337121
653,0.24440493780207753,0.17986126982881792,0.025497355289341873,-0.03517748574664602
654,0.26452189063847253,0.18432430539459757,0.01644205998585855,-0.05061762549536574
655,0.26167781950862384,0.20182524331471324,0.031688750378416924,-0.06750350874974298
656,0.24982230991479445,0.16125701849398896,0.056704580326189157,-0.05987969320050376
657,0.27301148989824103,0.17945302691908604,0.05919972945370247,-0.04302309375918746
658,0.25991553277869994,0.19548340318918497,0.011775349246594848,-0.04413773787093677
659,0.23050736307082437,0.16509218214866422,0.07448361034145091,-0.034277664103802924
660,0.2309396832678453,0.16080227545821454,0.021765963962516913,-0.030780565845363622
661,0.2754488429294266,0.20829050929374884,0.0420291970965527,-0.05503386610900958
662,0.23362692592137513,0.19066237269759262,0.016340397876477866,-0.05023765172797289
663,0.23918852129770538,0.19298437901288257,0.0076587568112130135,-0.06578537809905206
664,0.25599825974052853,0.1864045144422726,0.03464872125236752,-0.054251790852771715
665,0.26040589751497645,0.20524765023810548,0.04269663572405594,-0.04603597203990021
666,0.2688341638565233,0.19941244423491786,0.03134546953290967,-0.054269847346420576
667,0.2436668491651994,0.1791954931413007,0.024615996816448132,-0.0426837658730534
668,0.27078552129765243,0.1823950308675901,0.0197066423374828,-0.045960850194079014
669,0.24721816056544893,0.17751496094886524,0.034032060766647006,-0.04968649889687604
670,0.2392190746351864,0.17902737994605583,0.058174561183976604,-0.038058655192062835
671,0.23932006943471354,0.18153083505016948,0.020897737743446367,-0.056267293219705666
672,0.22773124748681028,0.1941518696726761,0.019772307477140934,-0.06937649130126652
673,0.2216276962550009,0.17930715250222626,0.018906213638050957,-0.05363961666814377
674,0.26882335469764773,0.18623316717859684,0.03342138620445774,-0.04947153545008758
675,0.24997632958175628,0.1674399132114809,0.05245367692575793,-0.04766825953478129
676,0.2425370287237497,0.1695556677529581,0.06125679238868224,-0.037446693280095165
677,0.24445371134442978,0.1636339201004297,0.09520632688320375,-0.04646267347339163
678,0.2773128521559543,0.17602275719364946,0.014089490460671743,-0.044322309871181007
679,0.2572610363881994,0.16655405282210056,0.007424987936965864,-0.043513063519004205
680,0.24880655108336053,0.21130257372366393,0.05856153891132928,-0.053185323856955076
681,0.24653943080166577,0.1968372660842965,0.01387084497514575,-0.030889660170755902
682,0.2598274857058163,0.14961096889460448,0.05817825079957963,-0.04336100483596277
683,0.23493561714034403,0.18134953625255001,0.015507896489740412,-0.040014908979706845
684,0.24266718948925153,0.1946629115160214,0.012968438821858405,-0.04932502412573233
685,0.25290278543303246,0.16982522350133775,0.11170519185283079,-0.06375426996895786
686,0.25432616361103055,0.1727189984528135,0.014480121741127325,-0.05189996010684013
687,0.2457453145425567,0.13877917399423736,0.017057402361628036,-0.03464372173214316
688,0.25902154156646634,0.15772370894286092,0.06615354655140472,-0.06553731232117017
689,0.24727608378770266,0.18123621996598238,0.03601598001072433,-0.049473195453101144
690,0.26063497633026317,0.17668787575859063,0.014532530171483517,-0.04440605286005197
691,0.2487200508398877,0.17901095369075223,0.03739494131162868,-0.05826192979713145
692,0.2454035899474903,0.22419498034631583,0.062321738236301584,-0.05263859565083157
693,0.2625758563225344,0.19192269426308256,0.02458126052795586,-0.04892337377059546
694,0.24002825057885854,0.19791705540104862,0.03229311044503999,-0.04079798907855399
695,0.24702712260393758,0.20568356034748345,0.06040109762855911,-0.0483477185566051
696,0.276152175183347,0.20778454582289313,0.008253004800218771,-0.042523268212741626
697,0.2430496371151812,0.16726479284232068,0.08297631602158778,-0.04507207641320877
698,0.25908855565641054,0.1845248974259586,0.036727213156249425,-0.052085911097707605
699,0.23517673908023062,0.17554273498624062,0.010053852989275452,-0.042238445953070906
700,0.2563969731234784,0.18377868273416106,0.014817423280856463,-0.046540944530723855
701,0.2632726143597789,0.19510144493015022,0.026660457174765298,-0.057142575597333184
702,0.26113611531935793,0.18496569205207974,0.05244243804624624,-0.036308353792394304
703,0.25639022124421096,0.17020597441768912,0.0348936452420158,-0.03580304349778191
704,0.23330844678672633,0.22679778602014522,0.06698720864280402,-0.04864755485799485
705,0.2695440974715916,0.17236469372062377,0.0074247399482429465,-0.05549626661085131
706,0.24390326980763083,0.1955465416095877,0.10837034525368984,-0.06182545099157365
707,0.25965279900896326,0.1968572108084907,0.0440781080768144,-0.04456571393750008
708,0.23823408167042293,0.18650900524729658,0.044519759859794915,-0.03236492225662536
709,0.24612928747181298,0.19001517714692961,0.02217459986595087,-0.0675773412138809
710,0.253846904344867,0.18833324230312792,0.03149718678919653,-0.05484765836618977
711,0.2687342263946389,0.16451439964706052,0.0730254058700996,-0.07990460358000992
712,0.3030613743408617,0.1590021110111285,0.09442328408738435,-0.04313000172083372
713,0.24620326902924122,0.15966626346085738,0.042724868872037636,-0.04905779718620046
714,0.2659261288081413,0.17003243747688174,0.03678230629262866,-0.053564690092415705
715,0.26524630489163475,0.18845218688868887,0.009662931555361928,-0.0427416305272605
716,0.2747870110493444,0.179751899634675,0.04985209840820387,-0.03773394929941743
717,0.25681880567818366,0.17756038551034053,0.0877130612467919,-0.05830090816091414
718,0.26794251997785373,0.1549395222434805,0.0484495693435819,-0.05095978209767401
719,0.23586582650600033,0.18026410718796193,0.027706754869134143,-0.031443494839654425
720,0.2499940992629288,0.18156004136052398,0.0346616507322356,-0.053908481135881856
721,0.3049276717257376,0.18486547222496258,0.03341716914742638,-0.05846733845300066
722,0.27012279116937693,0.18790524888403073,0.029094485971203753,-0.05032596895279308
723,0.2572031345488415,0.1890661929595824,0.018120722964796335,-0.04532994251305872
724,0.2275580821288429,0.209972345311568,0.043602130970095375,-0.0342303312507269
725,0.26057176409569494,0.19413857282321711,0.035317763943902694,-0.036838735047417394
726,0.24079283748031297,0.17796967158178884,0.0159636524820291,-0.0560273277883285
727,0.23480911811807226,0.17668410546990926,0.03823007413864734,-0.045543249419917525
728,0.272682363294394,0.14881562629042944,0.010682261936801413,-0.03653695093588091
729,0.21953307616935183,0.18200945496473414,0.04176641811376135,-0.05650849866588218
730,0.2541355649877758,0.17216469206610777,0.06344289481372963,-0.03800721452895773
731,0.25316903071492847,0.19140270010902277,0.026304214422274052,-0.04301266341522055
732,0.2686944237766171,0.17750645105698565,0.09099846383536207,-0.0514714378552354
733,0.2641032864196226,0.18648422470651344,0.06098231516030514,-0.04142197420537266
734,0.23380839752785212,0.184603909737455,0.03920644152970916,-0.04587842845901851
735,0.2685388267981744,0.1689733929071994,0.04287251721402126,-0.04371687315896724
736,0.2691327686959313,0.178783110260426,0.030331101289010957,-0.023808827586660933
737,0.28143245647850185,0.1941548520512423,0.03471167542809236,-0.04264564906767966
738,0.24062399654068917,0.15087469835477826,0.015975780990765652,-0.06429056133471756
739,0.28406667382488754,0.20555540512572656,0.051791979323288724,-0.031989645729092804
740,0.24599261071012565,0.18747578107543358,0.03453754970405851,-0.0658767105722249
741,0.2746168761898248,0.17817763838165504,0.016605010885647784,-0.048428431679022124
742,0.2559625814606505,0.21326192890922452,0.007050237548013473,-0.04441732907250511
743,0.23944293988950607,0.1806723321662221,0.015692187631516058,-0.030692291406414576
744,0.24584538302440645,0.16382963734734945,0.07591613634714638,-0.04560495737043247
745,0.23966972609430098,0.17588179374403787,0.03379979622837218,-0.05305598319314023
746,0.24497083436714295,0.1571324761944718,0.01965912862978549,-0.03318106346478264
747,0.2595722213041819,0.1794944722714896,0.005755528599699795,-0.055099074727402275
748,0.23408017360370545,0.16065385686356662,0.02092290514560084,-0.04164810345424074
749,0.2626530069815656,0.16845454229882453,0.023579666050270946,-0.06547578655642738
750,0.24221477633337338,0.16495554909435126,0.0504766341747374,-0.042934922668329815
751,0.24302249447705151,0.21530449122920245,0.07473573835872137,-0.043114194909149646
752,0.2573406650586109,0.15828639934921468,0.016325405108492622,-0.04498481764441578
753,0.2561684900787857,0.1614601729809955,0.03525720759425491,-0.04378711333075843
754,0.25318494557033966,0.18161461002128432,0.03755141341316298,-0.05430161701764809
755,0.24154966966073277,0.18110653206681254,0.016421264590840652,-0.031679229897709
756,0.23896297366972136,0.19663069052362803,0.07053679528253017,-0.04609336325120249
757,0.22717731220371135,0.17454808909682876,0.013306322594476012,-0.05962999035404274
758,0.23938364388630257,0.20071803711859973,0.03906774011842566,-0.060752589789810456
759,0.26480993725918034,0.16666045544952932,0.007034573322347409,-0.03942907295641889
760,0.24854037249242056,0.17773244878093145,0.034786800122469444,-0.03965119620369645
761,0.22487471991445687,0.16986014855490114,0.01921303430577917,-0.04994326577764894
762,0.29342470670187537,0.18976745051935362,0.06802613621406238,-0.048462445821571824
763,0.27488449561516465,0.18248966264128158,0.033906515748359865,-0.057665915738676285
764,0.2466148931383613,0.18471218504889103,0.015604753704623579,-0.03359726389600555
765,0.2677422453462721,0.1823157618915833,0.01872601968952336,-0.054305625791552584
766,0.24756862818994974,0.16624113005415422,0.031646812190705406,-0.040243556370860044
767,0.2513771499517464,0.18070596094539595,0.06213958816366653,-0.05833294131273989
768,0.22696543897998606,0.15071661368465922,0.029395908825559723,-0.0357047825507997
769,0.2668126294810267,0.18853306142397364,0.010432985198583789,-0.05478426300016288
770,0.2690329572577837,0.16864518561332073,0.035373834044449576,-0.050600292202671995
771,0.26148327936474597,0.1886580522583774,0.013535184634076283,-0.0630819810541313
772,0.23309936063056869,0.17672663297585062,0.05526446653370301,-0.04820581652749018
773,0.26136146995507814,0.18726589765140553,0.06379852036594512,-0.065919219320801
774,0.23378733696970255,0.17526274262895936,0.016619996166895416,-0.04626206714940913
775,0.23824531125118947,0.16509195262194862,0.01816712193353897,-0.036354012449624475
776,0.2545039815776521,0.16348298311763784,0.014050018965754828,-0.046963485571644516
777,0.24697966890046094,0.17279183421095606,0.015493940408765871,-0.05432147459228611
778,0.25558339002648717,0.1710627099701069,0.04470405021658036,-0.03730162641546997
779,0.24721861518211966,0.20116368299842388,0.06715113465818315,-0.053175596313659784
780,0.2566868955426856,0.1955819022449841,0.01914563404331215,-0.05457910678835063
781,0.27939063624859506,0.18726999788330537,0.01881284301523161,-0.05069314482711482
782,0.24446654604173365,0.17896860000553388,0.01232905828289241,-0.04505286387193493
783,0.26054931442115925,0.17974672145133908,0.03557590365937556,-0.05251921076889556
784,0.24457495817619368,0.2020405079796034,0.013533996969678825,-0.04894642424223684
785,0.23978741316635196,0.19071359325152848,0.07888356192936602,-0.04466644193917509
786,0.2531260481424025,0.17608901879685665,0.02582355793080143,-0.04483845090324386
787,0.26010406303438804,0.16041338186942256,0.008258241134973976,-0.04720881111765928
788,0.2633399367548189,0.1765752655977101,0.059915978213185374,-0.05114340778197624
789,0.23746668075340696,0.17033585425135833,0.015449591525936557,-0.053892242487298646
790,0.2513305570387201,0.17533911834444854,0.013829128107335966,-0.02627963452321549
791,0.24975209095450368,0.18452116744251731,0.03124403135790931,-0.04398577629455104
792,0.2425712826009554,0.16485699207581242,0.007801747008942376,-0.06000044828744901
793,0.23994064566573856,0.17811819185240946,0.005300013599126337,-0.05544431960461263
794,0.28100494580980284,0.18235794699694144,0.06747942634964704,-0.04283531909762062
795,0.28849918198134955,0.20400463493984203,0.03773787081044105,-0.032632885965743035
796,0.25667425110198305,0.19875066454452792,0.012100630928664488,-0.0359081108120451
797,0.2441385858739247,0.16697590364328835,0.015482989734616714,-0.05895394841229688
798,0.26314687295777106,0.17941662951885692,0.011139954488389031,-0.05914523014729467
799,0.2723261066444855,0.17543600153122574,0.0639988218676302,-0.030827472609457608
800,0.2574098696548842,0.19499999620021216,0.04138787970396689,-0.023596755939519463
801,0.2580974916719331,0.1631515062278551,0.0060207970098568936,-0.05209735645830352
802,0.24978778123637685,0.1735366938078014,0.012128361468131978,-0.03827140469556481
803,0.2521764597294474,0.165953620630297,0.058905373840875554,-0.04475231008710097
804,0.25934244446942334,0.16009957174075312,0.07658447107803089,-0.0659367688165258
805,0.25406138220517566,0.15893612084083839,0.05527994035009862,-0.03954414349733949
806,0.25680108052305733,0.16524377213919414,0.0059623673699354595,-0.060985532566177586
807,0.2639863609310317,0.1829816504768091,0.005582914781025364,-0.04364129930609131
808,0.24413708122458122,0.1718559305818051,0.05136012516422724,-0.04101256342531844
809,0.23321382212228722,0.1861563205436955,0.10402632455464474,-0.0462963517776248
810,0.2706259645862448,0.17876784538652657,0.01809254963932565,-0.04063782311852267
811,0.2772165408823076,0.18706225040519028,0.043032134049763714,-0.042848434907775276
812,0.2582561784639012,0.18698108190823134,0.009794955510705607,-0.06888819519318151
813,0.27238891587719033,0.17603743251767323,0.030887077380012947,-0.04563559319569535
814,0.2686976090331486,0.160634048171086,0.007058189265852627,-0.04415331539109351
815,0.2540256746682175,0.15280189078523798,0.0377413775327772,-0.05061114926707326
816,0.24566068146351952,0.16912601654586037,0.02844813274785508,-0.04452420301858307
817,0.23211580731843626,0.18033110474056277,0.01981567405408459,-0.042500198887926006
818,0.2705415501362159,0.16401637903587074,0.04285324380050126,-0.03451654697465123
819,0.2496872347306001,0.18576181644788947,0.029414877881146443,-0.06428585891459984
820,0.23859441274566956,0.15575156646014196,0.017005275504136483,-0.05159399574483616
821,0.2609013381584554,0.18748303939556707,0.018246502844237043,-0.05657038949999034
822,0.25429261313454726,0.15557591256619302,0.055122526653395086,-0.04312476888312492
823,0.2634514807649001,0.201346040016667,0.019560864347588375,-0.03709573201490622
824,0.2509108721611442,0.17486010181083889,0.020011743187726933,-0.046743808218829036
825,0.24373864247908017,0.18286189020292737,0.042158608129860616,-0.03914057178922698
826,0.2252125025980127,0.20482489741572193,0.05708499947887617,-0.05069831697879447
827,0.2638023186814821,0.19062785363014764,0.022564607181049294,-0.0441112104644139
828,0.26624910899920706,0.17035366378373304,0.09726122717988568,-0.05289703008549485
829,0.2709006296155114,0.16195415131452748,0.048713477463111235,-0.044912242415519735
830,0.2573891858287485,0.15909295320638106,0.07175394765294882,-0.03604169089890016
831,0.2219703728309069,0.21694186500988133,0.051130592871040374,-0.03598259995091905
832,0.26425010687580114,0.19382240182784005,0.02284404169560577,-0.055991414475803594
833,0.23347208656158772,0.19225369502475637,0.014730558694582837,-0.04864511780786191
834,0.26389407713772894,0.1821114012371074,0.05712177696841479,-0.04480070854011958
835,0.22229006100559273,0.16877045165134585,0.012075392901242862,-0.039254119376817206
836,0.25262046836788254,0.17740719494112145,0.016514107534311245,-0.04063496122636555
837,0.2593015774090948,0.17877018893881175,0.0880254445997634,-0.051683044585649665
838,0.2759480672088278,0.19238574480698703,0.07674263250875978,-0.05936552781104704
839,0.286330327156107,0.18137599791685455,0.023979141543685797,-0.036501535012030316
840,0.25625313093642976,0.16340808671399518,0.039642114725663966,-0.05101580162627798
841,0.2434121314099279,0.20547651610060147,0.04790668202644056,-0.027009157177158426
842,0.2580484989736403,0.22649909597720613,0.0076798521381850095,-0.048705429732849255
843,0.25537143592484435,0.19874135894739697,0.026835590312114032,-0.05083380457921402
844,0.26530171317369555,0.18789238192718385,0.014013444770065104,-0.030977024088790345
845,0.2739972765667809,0.18191837005108832,0.005253832266003946,-0.05956502924485505
846,0.23911359316080347,0.17528618872127333,0.030153142183805465,-0.05681844280231214
847,0.268858700354383,0.15859263583079414,0.04360518908413471,-0.04540293667457057
848,0.23526843940937803,0.15476062852902567,0.06991962723538757,-0.04924981797066352
849,0.26965856948528655,0.1886057902069218,0.03543568291379254,-0.0447244511070205
850,0.26534798360091877,0.1843728518931246,0.08071938269523864,-0.046912566834407414
851,0.2269873756181803,0.19843396181077635,0.018974070699880777,-0.060309287409120796
852,0.281445429114145,0.20039980439115374,0.026529679514642468,-0.0502568681462116
853,0.25893446206046083,0.16763610298308154,0.04244570885403149,-0.03672686969005376
854,0.2628614708548876,0.17132688109102487,0.01862372716934227,-0.0617483595223437
855,0.24514828827275284,0.18800660369730862,0.02698353196007836,-0.035134141657028745
856,0.247075610839537,0.16593876312331907,0.02693816149331988,-0.044243712499538755
857,0.25663395635398684,0.1667877098442209,0.016654656585682343,-0.056497478228535236
858,0.2603161967159455,0.1966224229901982,0.00990867058095344,-0.04632878255692756
859,0.23272347096262197,0.1603656746304367,0.0464074543138514,-0.048489086878039274
860,0.23630658831568863,0.1999288160284375,0.05875410730836006,-0.046160708089776015
861,0.2468271035738676,0.16769504298817672,0.047518009000654816,-0.04241223757522239
862,0.23770734277420705,0.18705749988668544,0.012506310129078891,-0.05907155886906687
863,0.23329729978902297,0.19371234108252247,0.1504269338808354,-0.06444805891365786
864,0.24270835477740252,0.1968456399630617,0.008126904598241277,-0.03847811996969945
865,0.26426242021357016,0.17822719902226478,0.03995999372471752,-0.039713477189519356
866,0.2692483683498984,0.16035795601928385,0.069689970939524,-0.037698728045949856
867,0.2565936372369559,0.15543419418397056,0.010646917448546008,-0.047590063865506495
868,0.2513697374333117,0.172060545577291,0.06052970436491732,-0.040677228306598784
869,0.25069857249415467,0.16859131698522128,0.05523150595268149,-0.054075278338195434
870,0.21344987334458948,0.14657827308920526,0.04950943084159512,-0.05088048681957111
871,0.25189387147011594,0.20709412732987945,0.03263724417782448,-0.03937465881341263
872,0.2587521654304228,0.16185382955942024,0.030139296502650518,-0.05126988859458802
873,0.2449351572248675,0.21031418232756716,0.05406106871606077,-0.05404004623203425
874,0.2513678802920019,0.1725265371852302,0.022115144233212466,-0.05217403832496361
875,0.256610269622849,0.17703327075016406,0.03311820383637954,-0.05189464648662438
876,0.26711400747199915,0.17824077110840644,0.03351956612065007,-0.038837464024066744
877,0.25044285856009807,0.19771338894285756,0.06044567429742841,-0.053174937112822826
878,0.255502778392415,0.1552202732811809,0.03617032419464029,-0.036637721984319964
879,0.26058350402503394,0.17275741134194053,0.01678299504427424,-0.04067214827810461
880,0.27098279424371907,0.17071924366763136,0.05713423069878065,-0.05408604715637487
881,0.2321344252376507,0.1753923438992321,0.07558106137908739,-0.02966410805949019
882,0.28172474458739766,0.22997207251808863,0.04190385186117973,-0.042567014223777726
883,0.2697905292256616,0.20141499002588228,0.017609463597802102,-0.05680683296065389
884,0.27350610121469326,0.16744760755473576,0.040794617045558104,-0.057463018371085285
885,0.24399984174693734,0.17526872682213973,0.01561832102085321,-0.05471763553207018
886,0.25409273737984006,0.18904568569865376,0.05760282973505183,-0.04841932672609185
887,0.23908492270084084,0.1914339694395171,0.015922101029961708,-0.0517137090780279
888,0.2556620543961809,0.17615942678953067,0.010312788724753441,-0.050310584499251985
889,0.2234334361859187,0.19748423312233465,0.03752552399438504,-0.04523128696508237
890,0.27103855281635264,0.19106651859100518,0.03258133938437234,-0.03884778026225519
891,0.24740282160567612,0.18742908668309066,0.04293407843491403,-0.05389755718009564
892,0.2393513095244876,0.1833793989914242,0.03065421109645483,-0.05808339334296261
893,0.26809679241563017,0.14756946093563209,0.017515762180586245,-0.03813093817772057
894,0.23004835362017262,0.176177701643616,0.015189000396698632,-0.051562395588845865
895,0.24587384015593983,0.17972892471172067,0.00816931866515527,-0.040681931641274406
896,0.28203360648869746,0.1775226370142682,0.009645465844598125,-0.03983872388528263
897,0.247415339160531,0.17578911187304977,0.022775499155799243,-0.052020227113987065
898,0.24171052766233497,0.20469405724052236,0.027299902490864694,-0.06283620778042373
899,0.2372399054478636,0.19279540468564169,0.01174334702705945,-0.05663251542284237
900,0.23905420032486954,0.18552866183716638,0.021683984792815338,-0.044909105804225045
901,0.22509776939480436,0.1674829793814182,0.0229238415642732,-0.04007671561917414
902,0.24880532595398852,0.1844183270630879,0.011915294596951266,-0.05500809308505695
903,0.24827413506609283,0.18408180768310178,0.04434894639051304,-0.06697082759915934
904,0.27412085605484077,0.17364626191241167,0.021081281380765968,-0.03706583755121498
905,0.2405766359995315,0.18069432539791444,0.04286509849872438,-0.03375397724114027
906,0.2546069517159431,0.19209226353423878,0.01175061573423992,-0.07133924348943753
907,0.27808532412830694,0.2112860099509907,0.030976122276556273,-0.04710040322811457
908,0.25665314095154546,0.1708255552775908,0.02658263571814719,-0.05214874735675077
909,0.2510652111276755,0.1622070332310022,0.0344918912260758,-0.0484136965905412
910,0.27224801894551326,0.19419578148311512,0.07650456973562099,-0.03339494170470944
911,0.2620933585489709,0.18416086470007204,0.01399146448482826,-0.057959969453463975
912,0.2578106660288505,0.16092937933818394,0.01974946080355871,-0.041164021911855773
913,0.2481893844473029,0.19515653554258477,0.01427038583996208,-0.0405858487653328
914,0.2276815382241547,0.18193149954777357,0.015191590183839164,-0.04065502906881295
915,0.2598028366121365,0.18509528357835894,0.024284095011180395,-0.06652220370347157
916,0.2592753305742899,0.15468458085511366,0.007155639135141185,-0.05235636146112934
917,0.23755946414498802,0.18067654930888635,0.02363391355813697,-0.06485177460654237
918,0.2546200334391885,0.20193592291121853,0.012049648353748093,-0.04839378907366605
919,0.25034849599722275,0.18562703985457502,0.044704924646614366,-0.047834405087398175
920,0.25259346412355893,0.17181675567364924,0.029747851760901726,-0.044267171682633895
921,0.2621649027456761,0.18532764951930797,0.05035098667235289,-0.045727864468785566
922,0.2557222436304223,0.17511762939635647,0.018523233397452113,-0.051583339517089676
923,0.2577665936283846,0.1816408358627541,0.015822895975662006,-0.05950376202579553
924,0.27512013785333117,0.18897044503528598,0.022993891200307048,-0.04315272120438309
925,0.2613096862762741,0.21812741540174005,0.04051251873087624,-0.03975174559775974
926,0.24184544249041848,0.1697302167915674,0.10218260969138247,-0.04479218038903744
927,0.23812198871285803,0.18658958848434481,0.052624097354950744,-0.05405091686925332
928,0.23599608648451695,0.1619535708275682,0.03801660642004393,-0.053407142019331215
929,0.25407308576888754,0.17278924228333517,0.018849866738968435,-0.055106880193288396
930,0.2580181466756241,0.1954221175142874,0.02176386325734124,-0.04386187629716892
931,0.24882296788381084,0.1942868850755595,0.018811311877747233,-0.045481418226355305
932,0.23821800347632036,0.15265510176659108,0.05668533091954683,-0.04325894632515618
933,0.24557983308384354,0.1785374793069252,0.03030927223202828,-0.050543789349851174
934,0.2617362742418258,0.1820464803992147,0.06463259958934559,-0.028436235261089297
935,0.2545180553744531,0.18454744799145098,0.04055982166625607,-0.05002641115266714
936,0.2585013863373871,0.18160617490767533,0.043615798256477246,-0.03728632703603533
937,0.24960215727741714,0.2048940621438354,0.04470286388995051,-0.04737717610532244
938,0.23923882432234742,0.184758434109812,0.01857450525812098,-0.04342878783936109
939,0.2636103919065292,0.19281217080660004,0.0380407284311241,-0.050855140480237364
940,0.26345401785360617,0.1723679271496974,0.05557274749108548,-0.04157244242184987
941,0.23316523468646214,0.18736558811732543,0.03455435747549956,-0.05002579463540777
942,0.24332120043899957,0.20648276551397607,0.02899071662155635,-0.050389767347504125
943,0.2611066532891417,0.17644861319607552,0.015599557196273702,-0.05063416174933845
944,0.2608188565620971,0.1791913066121993,0.012730992662194863,-0.040697972803960626
945,0.26148719940217413,0.19713887043043968,0.10851355176773378,-0.04512578393645716
946,0.28535737961227375,0.19249126728885696,0.03321122347353346,-0.040126447478651274
947,0.22614490539760312,0.17209816708011635,0.020741550913061593,-0.06190016996049655
948,0.2713636225999493,0.1482816666920057,0.018497845910229432,-0.056754528839276924
949,0.24494904727370245,0.1852119422921862,0.020166813335544202,-0.0535834528330648
950,0.24406011102512373,0.15975847808589627,0.052662677799494725,-0.050985163604421575
951,0.2638090432834987,0.19346258042845718,0.018988408643475944,-0.05395403851500698
952,0.2858811773899763,0.17609231787217275,0.03727701073475189,-0.04054124943814709
953,0.2546068610709178,0.18151878326351106,0.017710732380197953,-0.04967634370278815
954,0.27311902201105576,0.1785443934974567,0.09195710200641816,-0.04253319603629521
955,0.2355016280191724,0.1950310504280065,0.043421086714129344,-0.056575158890323426
956,0.25013840281030647,0.1948561098612203,0.04153922958193587,-0.05933371660686903
957,0.2505330420352941,0.17455440941239533,0.04535433893378392,-0.05741058855353796
958,0.24911976686493992,0.17699333846746096,0.01841171849116466,-0.05675875752403254
959,0.2533741962703353,0.16000642345334748,0.0668038402418039,-0.03605867488911658
960,0.2600610830613508,0.20067711051497444,0.017128444306455506,-0.040658633212549505
961,0.2818330862009526,0.15408614087214917,0.03536868438154231,-0.04563585683186254
962,0.25724790731067604,0.185247608543582,0.009204701593470874,-0.041796539352608846
963,0.2478577312432505,0.1787591728446095,0.013994519966634426,-0.055477751236798
964,0.27327857376132997,0.19735718776023575,0.014395133733923187,-0.04845957290247911
965,0.24995867132187963,0.13444887465925348,0.028485978937422975,-0.04653359584645356
966,0.25793613047433483,0.19664781304842996,0.009927607173539101,-0.046113851885235625
967,0.25551294356835513,0.1788424249036248,0.008268017810881639,-0.05507742816846955
968,0.26880002170135225,0.18772392375354047,0.03805240019174486,-0.059063579462392206
969,0.23319304967525067,0.20684725934844453,0.0038103942482337894,-0.04986309681673889
970,0.2370639545828292,0.18744367023028002,0.04893783504919791,-0.046454741004501095
971,0.26118988862745635,0.1888379722497526,0.02137268301814783,-0.03355195334847929
972,0.25572612914197745,0.18720484584830752,0.05864227551910641,-0.035401810475656825
973,0.2407823414047676,0.2115657444015034,0.07645892590163612,-0.05476585217365379
974,0.25485648541543265,0.1739477314641086,0.06772277359194977,-0.04895838265962163
975,0.263406798487584,0.1631537261139735,0.009409317930277846,-0.054847550627943616
976,0.2745286987773782,0.19806785140164263,0.02023581612083668,-0.041298166688701565
977,0.23403271986167257,0.18456238691053903,0.04080934942578256,-0.051939989141715756
978,0.2651548073389698,0.16433485386186686,0.03517346684344623,-0.046999771071861804
979,0.22045537130311008,0.1658830663273962,0.052843188911565205,-0.04750200202998391
980,0.2082893941949366,0.17204215285941943,0.029117464384182692,-0.04304378264569516
981,0.22087211495792486,0.19132094132258207,0.035423295900710715,-0.05099293997563264
982,0.2616137112246806,0.18708447044790777,0.09547932375580338,-0.053677371399833064
983,0.257607171866686,0.18619754995796323,0.042244112551292484,-0.0360843192494847
984,0.23461292234245604,0.18489995573047266,0.030649978778003354,-0.06756285647112384
985,0.268771214170823,0.18403940000239796,0.058353845198627276,-0.0489457959982476
986,0.2685976112071832,0.1861170808072608,0.013660357425098671,-0.04252586132327844
987,0.26147175208781176,0.14723637722303382,0.06335375798678654,-0.0508378024143522
988,0.23047332427738504,0.18380866348492017,0.009932100941915415,-0.05421463322774476
989,0.2551785621838808,0.19691968628118822,0.044547887413989705,-0.05028949197283211
990,0.2760983164337693,0.17845307816920591,0.024162978261624276,-0.06069325748551089
991,0.2326630619037982,0.1784085093819982,0.05250341424444711,-0.05464789894180334
992,0.2790937320954423,0.1787741566359212,0.04683522613001088,-0.04213067497355836
993,0.278093185473503,0.17717303174958887,0.018332420076593827,-0.059096952989400174
994,0.26175135109619824,0.1788715695810623,0.0162326199601505,-0.054005803769154745
995,0.23730217176138363,0.1511831519276972,0.027778576031051907,-0.04318673250058315
996,0.23706481720438374,0.2050548124321,0.013684357279700965,-0.04439380449405043
997,0.2332448541366549,0.1755760920205366,0.0500048376407132,-0.05897950249383706
998,0.2742143559065687,0.19752655185399534,0.017145152715438424,-0.04839329026999396
999,0.2226341074280451,0.1851212397176644,0.03262279258865648,-0.03189230066591524
